tags,AVERAGE_APPROVAL_Pres,AVERAGE_APPROVAL_Congress,AVERAGE_GDP,EF_Summary_Index
"Trap, Surf Rock, Modernism (Literature), Soul, Theatre, Pop, Easy Listening, Electronic, Experimental Rap, Singer-Songwriter, Experimental, List, Rock, Skit, Broadway, France, Non-Music, Duet, Rap, Abstract Rap, UK, Orchestral, Country, Nashville Sound, Comedy, Jazz, Electronic Trap, Underground Rap, R&B, In English, Hyperpop, Ballad, Screen, Soundtrack, Release Calendar, Musicals, Literature, Glitch Hop, Christian, Rockabilly, Acoustic, Surf, Cover, Latin Rock, Cypher, Horrorcore, Live, USA, Posse Cut, Glitch, Tour Information, Battle Rap, UK Rap, Alternative",54.6875,,481.2285,
"Italia, LGBTQ+, Folk, Experimental Rap, New York Rap, Alternative R&B, Synth-Pop, Em Português, Deconstructed Club, Murder Ballad, Jersey Club, Rap, Jazz, R&B, In English, Miami Bass, Cover, Country Rap, Emo, Alternative Dance, Trance, Dariacore, Rage, Alternative Rock, Dance-Pop, Diss Track, Soul, Japanese, Easy Listening, Southern Rap, Singer-Songwriter, Boom Bap, UK, Pop-R&B, Underground Rap, Cloud Rap, Dark Folk, J-Pop, Hyperpop, TV, News, Soul Pop, Rockabilly, Pop Rap, Hip-Hop, USA, Dubstep, Battle Rap, UK Pop, England, Blues, Pop, Girl Group, Soul Jazz, Electronic, Hardstyle, Japan, Indie Rock, List, Jerk, Ireland, Non-Music, En Español, Remix, Experimental Pop, Canada, Electro-Pop, Electronic Trap, Country, French Literature, Jungle, Motown, Deutschrap, Big Band, Ballad, Screen, Drill, Literature, Traditional Pop, Breakbeat, Doo-Wop, Digicore, Memphis Rap, Gospel, East Coast Rap, Hardcore EDM, UK Drill, Trap, Breakcore, Synthwave, Atlanta Rap, Script, Experimental, Rock, Industrial Hip-Hop, EDM, Dance, Witch House, Contemporary R&B, Release Calendar, Deutschland, Gabber, Latin Rock, Pop-Rock, UK R&B, Ghetto House, Novelty, Mashup, Noise Pop, UK Rap",63.714285714285715,,521.6542499999999,
"Poetry, Blues, Soul, Diss Track, Jazz Rock, Pop, Soul Jazz, Modernism (Literature), Americana, Easy Listening, Folk, New York Rap, Singer-Songwriter, List, Corrido, Rock, Filk, Murder Ballad, Non-Music, Duet, Rap, Sports, Christmas, Holiday, Orchestral, Country, Western, Jazz, Comedy, Gaming, Education, R&B, Funk, In English, Svensk Översättning, Big Band, Ballad, Soundtrack, Release Calendar, Deutschland, Musicals, Literature, Swing, Screen, Roots, News, Soul Pop, Acoustic, Blues Rock, Doo-Wop, Football (Soccer), Cover, Skiffle, Live, USA, Hip-Hop, Tour Information, Battle Rap, Short Story, East Coast Rap, Hardcore Rap",61.11764705882353,,542.38225,
"Surf Rock, Avant Garde, Jazz Rock, Dance Rock, Folk, Experimental Rap, Post-Rock, Hardcore Punk, Rap, Chopped And Screwed, Jazz, R&B, In English, Slowcore, Blues Rock, Cover, Rap Metal, New Wave (Rock), Bluegrass, Scotland, Traducción Al Español, History, Noise, Japanese, Soul, Easy Listening, Brill Building, Southern Rap, Singer-Songwriter, Phonk, Psychedelic Rock, Boom Bap, Holiday, UK, Jazz Rap, Cloud Rap, TV, Soul Pop, Rockabilly, Independent, Northern Ireland, USA, Hip-Hop, Battle Rap, Techno, Freestyle, Post-Punk, Conscious Hip-Hop, Blues, Pop, Girl Group, Dark Wave, Electronic, Indie Rock, List, Symphonic Metal, Ireland, Non-Music, En Español, Instrumental, Synth Rock, Abstract Rap, Essay, Country, French Literature, Deutschrap, Motown, Punk Rock, Ballad, Spoken Word, Drill, Screen, Minimal Techno, Big Band, Literature, Rap-Rock, Progressive House, Law, Doo-Wop, Horrorcore, Gangsta Rap, Memphis Rap, Black Metal, Noise Rock, Nu-Metal, Lo-Fi, Experimental, Melodic Death Metal, Rock, Death Metal, Industrial Hip-Hop, Christmas, Sound Collage, Plunderphonics, Indie Pop, Comedy, EDM, Dance, Celtic, House, Deutschland, Release Calendar, Experimental Rock, Industrial, Deep House, Dark Ambient, Pop-Rock, Novelty, Teen Pop, Glitch, News, J-Rock",76.14285714285714,,562.20975,
"History, Blues, Modernism (Literature), Soul, Reggaetón, Pop, Girl Group, Dance Rock, Texas Rap, Easy Listening, Folk, Latin Pop, Brill Building, Singer-Songwriter, List, Rock, Mythology, Puerto Rico, Non-Music, Sports, Rap, Remix, En Español, G-Funk, West Coast Rap, Country, Jazz, Comedy, Motown, Latin Music, R&B, In English, Ballad, Screen, Release Calendar, Literature, Christian, TV, Soul Pop, Rockabilly, Acoustic, Law, Doo-Wop, Cover, Latin Urban, Country Pop, Gangsta Rap, Independent, Pop-Rock, USA, Hip-Hop, New Orleans R&B, Battle Rap, Gospel, News",71.84615384615384,,603.9214999999999,
"Trap Metal, Italia, Folk, Experimental Rap, Alternative R&B, Em Português, Romanticism Literature, Rap, Tradução Em Português, Jazz, Education, Latin Music, R&B, In English, Funk, Emo Revival, Blues Rock, En Français, Cover, Nerdcore, Emo, Rap Metal, New Wave (Rock), Trap-Rock, History, Dance-Pop, Soul, Electro-Hop, Easy Listening, Brill Building, Singer-Songwriter, Spanish Urban, Meme Rap, France, Puerto Rico, Indigenous, Funk-Pop, Boom Bap, Underground Rap, UK, Salsa, Cloud Rap, Gaming, Dark Folk, Spanish Rap, Soundtrack, Alternative Pop, Christian, TV, Crunk, Soul Pop, Rockabilly, Anime Rap, Hip-Hop, USA, Battle Rap, Crossover Thrash, Freestyle, Dirty South, Conscious Hip-Hop, Poetry, Blues, Modernism (Literature), Pop, Girl Group, Dark Wave, Electronic, Native American, List, Electro-Funk, Non-Music, En Español, Canada, Abstract Rap, Country, Electronic Trap, Motown, Dark Trap, Interview, Ballad, Grime, Screen, Spoken Word, Literature, Rap-Rock, Bossa Nova, Doo-Wop, España, Horrorcore, Memphis Rap, Gospel, East Coast Rap, French Rock, Mathcore, Trap, Monologue, Philosophy, Experimental, Rock, Industrial Hip-Hop, Comedy, Dance, Release Calendar, French Pop, Emo Rap, Cypher, News, Brasil",65.2,,637.4515,
"UK Pop, Trap, History, Surf Rock, England, Diss Track, Soul, Pop, Soul Jazz, Girl Group, Easy Listening, Folk, Philosophy, Latin Pop, Brill Building, Electronic, Singer-Songwriter, Rock, Non-Music, En Español, Rap, Chillout, Garage Rock, UK, Orchestral, Country, Electronic Trap, Jazz, Comedy, Electro-Pop, Indie Pop, Motown, British Rock, Gaming, DMV Rap, R&B, In English, Funk, Ballad, Power Pop, Soundtrack, Screen, Superheroes, Literature, Musicals, Christian, TV, Bubblegum Pop, Soul Pop, Rockabilly, Surf, Bossa Nova, Doo-Wop, Cover, Pop Rap, Soft Rock, Pop-Rock, USA, Novelty, UK Rap",74.42857142857143,,684.4615,
"Morocco - مغربي, UK Pop, Norsk Pop, Conscious Hip-Hop, Cymru, Poetry, Blues, Modernism (Literature), Meta, Soul, Pop, Girl Group, Trap Metal, Easy Listening, Folk, Atlanta Rap, Brill Building, New York Rap, Singer-Songwriter, Hard Rock, List, Rock, Broadway, Non-Music, Rap, Garage Rock, Psychedelic Rock, UK, Orchestral, Country, Theme Song, Sunshine Pop, Jazz, Progressive Pop, Motown, British Rock, Satire, R&B, In English, Folk Pop, Christian Rap, Funk, Ballad, Power Pop, Screen, Soundtrack, Release Calendar, Musicals, Literature, Politics, Traditional Pop, Christian, TV, Proto-Punk, Soul Pop, Blues Rock, Surf, Acoustic, Screamo, Cover, Country Pop, Adult Contemporary, Raga Rock, Pop-Rock, USA, Live, Scandinavia, Baroque Pop, Scotland, Norge, Folk Rock, Gospel, Battle Rap, News, East Coast Rap",65.94736842105263,,742.29025,
"UK Pop, Trap, England, Blues, Soul, Modernism (Literature), Dance Rock, Pop, Easy Listening, Folk, Chamber Music, Brill Building, Ragtime, Singer-Songwriter, Art Pop, New Jack Swing, Protest Songs, List, Hard Rock, Rock, Ireland, Psychedelic Pop, Srpski Rap, Non-Music, Duet, Rap, Sports, Srbija, Garage Rock, Psychedelic Rock, Funk-Pop, En Español, UK, Orchestral, Country, Jazz, Comedy, Sunshine Pop, Motown, Art Rock, British Rock, Punk Rock, R&B, In English, Funk, Folk Pop, Power Pop, Ballad, Soundtrack, House, Spoken Word, Literature, Experimental Rock, Proto-Punk, Soul Pop, Bubblegum Pop, Rockabilly, Blues Rock, Bossa Nova, Law, Acoustic, Doo-Wop, Cover, Surf, España, Spanish Rock, Adult Contemporary, Soft Rock, Raga Rock, Country Pop, Pop-Rock, USA, Baroque Pop, Folk Rock, News, Country Rock",51.1764705882353,,813.41375,
"Folk, Em Português, Duet, Rap, Garage Rock, Orchestral, Jazz, British Rock, R&B, In English, Vietnam, Funk, Psychedelic Soul, Cover, Country Pop, Scotland, Traducción Al Español, Latin Jazz, History, Alternative Rock, Soul, Meta, Easy Listening, Brill Building, Singer-Songwriter, Art Pop, Protest Songs, Psychedelic Rock, Funk-Pop, UK, Underground Rap, Sunshine Pop, Progressive Pop, Soundtrack, Superheroes, Swing, Soul Pop, Northern Ireland, USA, Battle Rap, Piano Rock, UK Pop, Pop, Soul Jazz, List, Mythology, Non-Music, En Español, Sports, Canada, Deutschpop, Country, Motown, Deutschrap, Power Pop, Spoken Word, Screen, Ballad, Literature, Traditional Pop, Bossa Nova, Adult Contemporary, Soft Rock, East Coast Rap, Cymru, Disco, Rock, Technology, Angola, Deutschland, Experimental Rock, Proto-Punk, Bubblegum Pop, Pop-Rock, Deutschrock, Baroque Pop, Folk Rock, Baseball, News",44.0,,859.9562499999998,
"UK Pop, History, Bay Area Rap, Cymru, Blues, Soul, Meta, Modernism (Literature), Pop, Soul Jazz, Easy Listening, Folk, Singer-Songwriter, Art Pop, Hard Rock, List, Rock, Murder Ballad, Psychedelic Pop, Non-Music, Rap, Anime, Psychedelic Rock, American Football, UK, Orchestral, Country, Underground Rap, Sunshine Pop, Jazz, Progressive Pop, Motown, British Rock, Spanish Pop, R&B, Funk, In English, Folk Pop, Ballad, Spoken Word, Screen, Soundtrack, Release Calendar, Power Pop, Literature, Honky-Tonk, Psychedelic Soul, TV, Bubblegum Pop, Soul Pop, Proto-Punk, Rockabilly, Blues Rock, Bossa Nova, Doo-Wop, Cover, Funk Rock, Country Pop, Adult Contemporary, Symphonic Rock, Soft Rock, Live, USA, Pop-Rock, UK R&B, Hip-Hop, Baroque Pop, Medley, Folk Rock, Tour Information, Battle Rap, Parody, News, Piano Rock",42.07142857142857,,940.6465000000001,
"UK Pop, Trap, Swamp Rock, Poetry, Blues, Soul, Meta, Pop, Easy Listening, Folk, Atlanta Rap, Singer-Songwriter, Discography, Hard Rock, Protest Songs, List, Rock, Mythology, Roots Rock, Non-Music, Rap, Psychedelic Rock, Canada, Funk-Pop, Chamber Folk, Orchestral, Country, UK, Jazz, Sunshine Pop, Progressive Pop, Theme Song, Motown, British Rock, R&B, In English, Funk, Folk Pop, South Africa, Ballad, Spoken Word, Grime, Screen, Soundtrack, Psychedelic Soul, Literature, Politics, Release Calendar, Musicals, TV, News, Soul Pop, Rockabilly, Blues Rock, Law, Cover, Funk Rock, Adult Contemporary, Soft Rock, Gangsta Rap, Pop-Rock, USA, Hip-Hop, Baroque Pop, Québec, Medley, Scotland, Folk Rock, Battle Rap, UK Rap, Southern Rock, Piano Rock",60.578947368421055,,1017.615,
"Industrial Techno, Reggaetón, Folk, Hard Rock, Rap, Garage Rock, Adult Alternative, Orchestral, Jazz, British Rock, R&B, In English, Funk, Folk Pop, Psychedelic Soul, Musicals, Blues Rock, Cover, Country Pop, Contemporary Folk, Southern Rock, Jazz-Funk, Noise, Soul, Easy Listening, Singer-Songwriter, Protest Songs, México, Reggae, Psychedelic Rock, Funk-Pop, UK, Jamaica, Soundtrack, Christian, TV, Art Rock, Soul Pop, Jazz Fusion, USA, Battle Rap, UK Pop, Slovenský Rap, Blues, Pop, Soul Jazz, Non-Music, Memorial, Country, Motown, Ballad, Power Pop, Screen, Storytelling, Literature, Progressive Rock, Doo-Wop, Adult Contemporary, Soft Rock, Electronica, Gospel, Slovensko, Noise Rock, Česko, Heavy Metal, Script, Rock, Release Calendar, Honky-Tonk, Experimental Rock, Proto-Punk, Yacht Rock, Funk Rock, Latin Rock, Pop-Rock, Baroque Pop, Folk Rock, Mariachi, News",57.11764705882353,,1073.3105,7.89
"Jazz Rock, Folk, Post-Rock, Hardcore Punk, Hard Rock, Duet, Orchestral, Jazz, British Rock, R&B, In English, Funk, Folk Pop, Psychedelic Soul, Musicals, Eurovision, Blues Rock, Christian R&B, Cover, Country Pop, Toasting, Scotland, Norge, Post-Hardcore, Hymn, Noise, Soul, Easy Listening, Singer-Songwriter, Protest Songs, Dark Pop, Reggae, Psychedelic Rock, Funk-Pop, UK, Sunshine Pop, Progressive Pop, Jamaica, Soundtrack, Christian, Art Rock, Soul Pop, Rockabilly, Jazz Fusion, Independent, USA, UK Pop, Post-Punk, Blues, Christian Rock, Pop, Electronic, Indie Rock, Non-Music, Canada, Country, Motown, Punk Rock, Speeches, Ballad, Literature, Progressive Rock, Acoustic, Law, Adult Contemporary, Soft Rock, Gospel, Soul Rock, Noise Rock, Heavy Metal, British Folk, Philosophy, Rock, Industrial, Yacht Rock, Funk Rock, Latin Rock, Pop-Rock, Novelty, Jump Blues, Baroque Pop, Folk Rock, News",50.0,,1164.8497499999999,
"UK Pop, Canadian Rock, History, Alternative Rock, Cymru, Disco, Soul, Modernism (Literature), Italia, Pop, Girl Group, Blues, Americana, Easy Listening, Folk, Singer-Songwriter, Discography, Hard Rock, Protest Songs, List, Rock, Dark Pop, Ireland, France, Non-Music, Duet, Rap, Garage Rock, Canada, Funk-Pop, UK, Orchestral, Country, Theme Song, Comedy, Progressive Pop, Motown, British Rock, R&B, Folk Pop, In English, South Africa, Funk, Jangle Pop, Ballad, Psychedelic Soul, Soundtrack, Power Pop, Screen, Superheroes, Literature, Bubblegum Pop, Soul Pop, Progressive Rock, Rockabilly, Blues Rock, Ambient, Yacht Rock, Jazz Fusion, Art Rock, Cover, Country Pop, Adult Contemporary, Soft Rock, Pop-Rock, USA, Live, Baroque Pop, Québec, Folk Rock, Battle Rap, Parody, Glam Rock, Contemporary Folk, Heartland Rock, Southern Rock",56.2,,1279.112,
"History, Alternative Rock, Jazz-Funk, England, Blues, Soul, Disco, Pop, Americana, Easy Listening, Folk, Philosophy, Singer-Songwriter, Hard Rock, List, Rock, Reggae, Non-Music, Sports, Rap, En Español, Funk-Pop, Canada, Adult Alternative, UK, Pop-R&B, Country, Orchestral, Jazz, Comedy, Progressive Pop, Auf Deutsch, Motown, Stoner Rock, British Rock, R&B, Funk, In English, Ballad, Soundtrack, Screen, Release Calendar, Literature, Ska, TV, Soul Pop, Blues Rock, Jazz Fusion, Yacht Rock, Law, Reggae Rock, Cover, Chart History, Piano Rock, Funk Rock, Adult Contemporary, Soft Rock, Pop-Rock, USA, Österreich, Scandinavia, Baroque Pop, Norge, Folk Rock, Gospel, News, Glam Rock, Alternative",41.8,,1425.376,
"UK Pop, History, Australia, Jazz-Funk, England, Disco, Soul, Blues, Pop, Girl Group, Americana, Easy Listening, Folk, Brill Building, Singer-Songwriter, Art Pop, Hard Rock, Protest Songs, List, Rock, Dark Pop, Non-Music, En Español, Rap, Christmas, Garage Rock, Canada, Funk-Pop, UK, Holiday, Country, Sunshine Pop, Progressive Pop, Heartland Rock, Motown, Smooth Jazz, R&B, In English, Folk Pop, Funk, Ballad, Polynesia, Soundtrack, Electric Blues, Screen, Release Calendar, Literature, Roots, Experimental Rock, TV, Bubblegum Pop, Soul Pop, Progressive Rock, Rockabilly, Acoustic, Surf, Jazz Fusion, Blues Rock, Yacht Rock, Cover, Country Pop, Adult Contemporary, Soft Rock, Pop-Rock, USA, Hip-Hop, Baroque Pop, New Zealand, Folk Rock, Glam Rock, Contemporary Folk, Soul Rock, Southern Rock, Piano Rock",34.88,37.333333333333336,1545.2425,
"Jazz Rock, Folk, Hard Rock, Synth-Pop, Rap, Adult Alternative, Orchestral, Jazz, British Rock, R&B, In English, Funk, Folk Pop, Psychedelic Soul, Politics, Blues Rock, Cover, Symphonic Rock, Country Pop, Krautrock, Bluegrass, Traducción Al Español, Southern Rock, History, Soul, Easy Listening, Singer-Songwriter, Art Pop, México, Lounge, Eurodisco, Funk-Pop, UK, Progressive Pop, Alternative Country, Soundtrack, Alternative Pop, Christian, Art Rock, Soul Pop, USA, Glam Rock, Outlaw Country, Piano Rock, England, Poetry, Modernism (Literature), Pop, Soul Jazz, Electronic, List, Non-Music, Dream Pop, Country, Motown, Smooth Jazz, Big Band, Ballad, Power Pop, Screen, Literature, Afro-Jazz, Progressive Rock, Doo-Wop, Adult Contemporary, Soft Rock, Gospel, Disco, Rock, P-Funk, Progressive Electronic, Release Calendar, Deutschland, Roots, Ambient, Yacht Rock, Funk Rock, Pop-Rock, Baroque Pop, Folk Rock, Country Rock, Heartland Rock",42.94736842105263,31.75,1684.905,8.09
"French Rap, Dancehall, New York Rap, Hard Rock, Synth-Pop, Rap, Scandipop, Jazz, British Rock, R&B, In English, Funk, Psychedelic Soul, Afrobeats, Blues Rock, Cover, Symphonic Rock, Nerdcore, Scandinavia, Florida Rap, Hardcore Rap, Southern Rock, Jazz-Funk, Soul, Easy Listening, Singer-Songwriter, Sverige, France, Eurodisco, Psychedelic Rock, Funk-Pop, Space Rock, UK, Progressive Pop, Gaming, Soundtrack, Superheroes, Art Rock, Soul Pop, Jazz Fusion, Hip-Hop, USA, Posse Cut, Battle Rap, Glam Rock, Outlaw Country, Piano Rock, UK Pop, England, Pop, Girl Group, Svensk Rock, Electronic, List, Non-Music, Remix, Country, Motown, Ballad, Big Band, Screen, Power Pop, Literature, Progressive Rock, Adult Contemporary, Soft Rock, Svensk Pop, Basketball, Gospel, East Coast Rap, Glam Metal, Disco, Power Ballad, Rock, Christmas, Comedy, Release Calendar, Deutschland, Yacht Rock, Funk Rock, Cypher, Dark Ambient, Jamaican Patois, Pop-Rock, Novelty, UK R&B",47.55555555555556,24.0,1873.4125000000001,
"History, Jazz-Funk, Disco, Soul, Blues, Pop, LGBTQ+, Power Ballad, Easy Listening, Heavy Metal, Singer-Songwriter, Script, Hard Rock, Protest Songs, List, Rock, Filk, Lounge, Non-Music, Rap, Eurodisco, Synth Rock, Funk-Pop, Adult Alternative, Canada, Psychedelic Rock, UK, Pop-R&B, Country, Charity, Jazz, Comedy, Progressive Pop, Motown, British Rock, Latin Music, R&B, Funk, In English, South Africa, Freestyle, Ballad, Power Pop, Soundtrack, Screen, Arena Rock, Deutschland, Literature, TV, Soul Pop, Progressive Rock, Blues Rock, Jazz Fusion, Yacht Rock, Acoustic, Cover, Funk Rock, Symphonic Rock, Adult Contemporary, Soft Rock, Country Pop, English Translation, Pop-Rock, Bluegrass, Novelty, USA, UK R&B, Teen Pop, Folk Rock, Glam Rock, Samba, Southern Rock, Piano Rock",62.458333333333336,36.2,2081.825,
"Folk, Hard Rock, Em Português, Synth-Pop, Duet, Rap, Adult Alternative, Polska, Chamber Folk, Orchestral, Jazz, British Rock, Boogie, Polski Rap, R&B, In English, Funk, Musicals, Ska, Blues Rock, En Français, Cover, Symphonic Rock, Country Pop, New Wave (Rock), Contemporary Folk, Electronic Rock, Jazz-Funk, Dance-Pop, Soul, Easy Listening, Singer-Songwriter, France, Reggae, Funk-Pop, UK, Sunshine Pop, Progressive Pop, Soundtrack, Superheroes, Art Rock, Soul Pop, Jazz Fusion, Pop-Punk, USA, Battle Rap, Glam Rock, Piano Rock, Pop, Electronic, List, Non-Music, Remix, Synth Rock, Classical Music, Country, Motown, Punk Rock, Smooth Jazz, Ballad, Synth Funk, Literature, Progressive Rock, Acoustic, Reggae Rock, Adult Contemporary, Soft Rock, Gospel, French Rock, Disco, Rock, P-Funk, Dance, Release Calendar, Yacht Rock, Funk Rock, Psychedelic Folk, Pop-Rock, Baroque Pop, Folk Rock, Heartland Rock",45.6,29.0,2351.59875,
"Dance Rock, LGBTQ+, Folk, Latin Pop, Hard Rock, Synth-Pop, Rap, Scandipop, Adult Alternative, Orchestral, Jazz, British Rock, Boogie, R&B, In English, Funk, Folk Pop, Blues Rock, Cover, Symphonic Rock, Country Pop, New Wave (Rock), Scandinavia, Sophisti-Pop, Alternative Rock, Dance-Pop, Soul, Americana, Easy Listening, Singer-Songwriter, Art Pop, Sverige, France, Funk-Pop, UK, Progressive Pop, Soundtrack, Alternative Pop, Superheroes, Christian, Art Rock, Soul Pop, Jazz Fusion, USA, Battle Rap, Glam Rock, Piano Rock, Alternative, UK Pop, England, Christian Rock, Pop, Girl Group, Svensk Rock, List, Non-Music, Remix, Synth Rock, Canada, Country, Auf Deutsch, Motown, Deutschrap, Smooth Jazz, Ballad, Power Pop, Screen, Arena Rock, Literature, Progressive Rock, Adult Contemporary, Soft Rock, Svensk Pop, Gospel, Soul Rock, Disco, Heavy Metal, Rock, Dance, Jangle Pop, Contemporary R&B, Deutschland, French Pop, Yacht Rock, Funk Rock, Pop-Rock, Baroque Pop, Mashup, Folk Rock, News, Clean Up",36.76,19.0,2627.32625,
"Eurodance, Jazz Rock, Dance Rock, Hard Rock, Synth-Pop, Cartoon, Duet, Scandipop, Adult Alternative, British Rock, Boogie, R&B, In English, Funk, Ambient Pop, Cover, Country Pop, New Wave (Rock), Scandinavia, Europop, Sophisti-Pop, Filipino, Electronic Rock, Southern Rock, History, Alternative Rock, Soul, Meta, Easy Listening, Singer-Songwriter, Art Pop, Filk, Sverige, Funk-Pop, UK, Pop-R&B, Samba Rock, Progressive Pop, Soundtrack, Alternative Pop, Disney, TV, Art Rock, Soul Pop, Rockabilly, Jazz Fusion, USA, Philippines, Alternative, Piano Rock, Post-Punk, England, Modernism (Literature), Pop, Soul Jazz, Girl Group, Electronic, List, Electro-Funk, Non-Music, Experimental Pop, Synth Rock, Canada, Dream Pop, Country, Electro-Pop, Smooth Jazz, Ballad, Power Pop, Arena Rock, Literature, Adult Contemporary, Soft Rock, Svensk Pop, Samba, Australia, Bay Area Rap, Disco, Experimental, Rock, Dance, Roots, Experimental Rock, Industrial, Yacht Rock, Funk Rock, Pop-Rock, Country Rock, Heartland Rock",40.64705882352941,25.0,2857.3085,
"Post-Punk, Australia, Alternative Rock, England, Disco, Soul, Dance Rock, Pop, Girl Group, Heavy Metal, Easy Listening, Electronic, Singer-Songwriter, Art Pop, Hard Rock, Synth-Pop, Rock, Non-Music, Rap, Synth Rock, Memorial, Canada, Adult Alternative, UK, Country, Theme Song, Anthem, Motown, British Rock, Punk Rock, R&B, In English, Funk, Ballad, Soundtrack, Contemporary R&B, Arena Rock, Screen, Literature, Ska, Art Rock, Soul Pop, Progressive Rock, Yacht Rock, Law, Reggae Rock, Funk Rock, Country Pop, Adult Contemporary, Pop Rap, Soft Rock, New Wave (Rock), Pop-Rock, USA, Scotland, Folk Rock, Heartland Rock, Electronic Rock, Southern Rock",57.526315789473685,38.0,3207.04125,
"Dance Rock, LGBTQ+, Hard Rock, Synth-Pop, Duet, Rap, Jazz, British Rock, Boogie, Indietronica, R&B, Funk, In English, Cover, Gothic Rock, Alternative Dance, New Wave (Rock), Electronic Rock, Southern Rock, Alternative Rock, Soul, Americana, Easy Listening, Singer-Songwriter, Art Pop, Dark Pop, G-Funk, Funk-Pop, UK, Underground Rap, Progressive Pop, Anthem, Gaming, Soundtrack, Alternative Pop, Art Rock, Soul Pop, Jazz Fusion, Pop Rap, Independent, Hip-Hop, USA, Alternative, Piano Rock, Canadian Rock, Post-Punk, UK Pop, England, Pop, Girl Group, Soul Jazz, Electronic, Electro-Funk, Non-Music, Synth Rock, Canada, Memorial, Country, Electro-Pop, Motown, Smooth Jazz, Ballad, Power Pop, Screen, Synth Funk, Arena Rock, Spoken Word, Literature, Progressive Rock, Adult Contemporary, Soft Rock, Bay Area Rap, Disco, Lo-Fi, Rock, EDM, Dance, Contemporary R&B, Yacht Rock, Pop-Rock, Teen Pop, Art, Heartland Rock",43.78947368421053,29.0,3343.7892500000003,
"Hi-Nrg, Dance Rock, Folk, Britpop, Hard Rock, Synth-Pop, Rap, Garage Rock, Adult Alternative, Orchestral, British Rock, Boogie, R&B, Funk, In English, Folk Pop, Electric Blues, Ska, Blues Rock, Cover, New Wave (Rock), Sophisti-Pop, Southern Rock, Euro Reggae, Pop Reggae, Alternative Rock, Dance-Pop, Soul, Metal, Americana, Easy Listening, Singer-Songwriter, Art Pop, Protest Songs, Dark Pop, Filk, Reggae, Synth Punk, Funk-Pop, UK, Pop-R&B, Progressive Pop, Anthem, Gaming, Soundtrack, Swing, Art Rock, Soul Pop, Rockabilly, Pop-Punk, USA, Northern Ireland, Dance Punk, Glam Rock, American Folk, Piano Rock, UK Pop, Post-Punk, IsiZulu, England, Blues, Pop, Dark Wave, Electronic, List, Electro-Funk, Ireland, Non-Music, Synth Rock, Canada, Country, Electro-Pop, Calypso, Motown, South Africa, Power Pop, Ballad, Big Band, Synth Funk, Arena Rock, Literature, Reggae Rock, Adult Contemporary, Soft Rock, New Age, Australia, Glam Metal, Disco, British Folk, Rock, Art-Punk, Theme Song, Dance, Celtic, Contemporary R&B, Release Calendar, Yacht Rock, Funk Rock, Pop-Rock, Folk Rock, Heartland Rock",43.81818181818182,33.0,3634.0365,
"Dance Rock, Hard Rock, Synth-Pop, Rap, Adult Alternative, Orchestral, Jazz, British Rock, Halloween, R&B, In English, Funk, Politics, Latin Freestyle EDM, New Wave (Rock), Scotland, Sophisti-Pop, History, Alternative Rock, Dance-Pop, Soul, Metal, Easy Listening, Singer-Songwriter, Protest Songs, Dark Pop, Funk-Pop, UK, Anthem, Soundtrack, Alternative Pop, Disney, TV, Soul Pop, Rockabilly, Independent, USA, Alternative, UK Pop, Post-Punk, England, Pop, Neue Deutsche Welle, Girl Group, Dark Wave, Electronic, Electro-Funk, Ireland, Mythology, Non-Music, Synth Rock, Deutschpop, Electro-Pop, Country, Auf Deutsch, Motown, Punk Rock, Smooth Jazz, Ballad, Screen, Arena Rock, Literature, Progressive Rock, Adult Contemporary, Soft Rock, Gospel, Glam Metal, Disco, Heavy Metal, Rock, Theme Song, Dance, Jangle Pop, Deutschland, Bubblegum Pop, Yacht Rock, Pop-Rock, Deutschrock, Teen Pop, Baroque Pop, Folk Rock, Heartland Rock",55.285714285714285,,4037.6140000000005,
"Dance Rock, Hard Rock, Synth-Pop, Rap, Adult Alternative, Orchestral, British Rock, R&B, Funk, In English, Ska, Latin Freestyle EDM, Cover, Country Pop, New Wave (Rock), English Translation, Scotland, Boy Band, Sophisti-Pop, Electronic Rock, History, Alternative Rock, Dance-Pop, Soul, Easy Listening, Singer-Songwriter, Art Pop, Protest Songs, Reggae, UK, Jamaica, Progressive Pop, Soundtrack, Alternative Pop, Art Rock, Soul Pop, Chinese, Hip-Hop, USA, Battle Rap, Glam Rock, Piano Rock, Alternative, UK Pop, England, Pop, Girl Group, Neue Deutsche Welle, Soul Jazz, Electronic, Electro-Funk, Non-Music, Synth Rock, Electro-Pop, Country, Trip-Hop, Smooth Jazz, Power Pop, Ballad, Synth Funk, Progressive Rock, Doo-Wop, Reggae Rock, Adult Contemporary, Soft Rock, Basketball, Gospel, Bay Area Rap, Synthwave, Rock, Theme Song, Dance, Celtic, Jangle Pop, Deutschland, Bubblegum Pop, Yacht Rock, Funk Rock, Pop-Rock, UK R&B, Teen Pop, Heartland Rock",60.333333333333336,,4338.980500000001,8.50
"UK Pop, History, Alternative Rock, England, Dance-Pop, Soul, Dance Rock, Blues, Pop, Americana, Disco, Modernism (Literature), Poetry, Sophisti-Pop, Electronic, Latin Pop, Singer-Songwriter, Art Pop, Hard Rock, Synth-Pop, Bedroom Pop, Rock, Mythology, Non-Music, Duet, Rap, Synth Rock, Garage Rock, Canada, Cuba, UK, Country, Motown, British Rock, Dance, Latin Music, R&B, In English, Funk, Jangle Pop, Power Pop, Ballad, Soundtrack, Screen, Electric Blues, Musicals, Literature, Ambient Pop, Swing, Arena Rock, Latin Freestyle EDM, Bubblegum Pop, Art Rock, Soul Pop, Progressive Rock, Blues Rock, Cover, Symphonic Rock, Adult Contemporary, Soft Rock, New Wave (Rock), Pop-Rock, Northern Ireland, USA, Electro-Soul, Folk Rock, Gospel, Boy Band, Glam Rock, Freestyle, Heartland Rock, Electronic Rock, Southern Rock",60.61538461538461,42.0,4579.6325,
"Hi-Nrg, Dance Rock, LGBTQ+, Folk, Latin Pop, Hard Rock, Synth-Pop, Rap, Scandipop, Adult Alternative, British Rock, R&B, In English, Funk, Folk Pop, Latin Freestyle EDM, Country Pop, New Wave (Rock), Scandinavia, Norge, Sophisti-Pop, Electronic Rock, Southern Rock, Alternative Rock, Dance-Pop, Soul, Metal, Easy Listening, Singer-Songwriter, Sverige, Psychedelic Rock, Funk-Pop, UK, Holiday, Soundtrack, Alternative Pop, Swing, Soul Pop, Avant Pop, Italo Disco, USA, Glam Rock, Alternative, UK Pop, England, Modernism (Literature), Pop, Girl Group, Svensk Rock, Electronic, List, Electro-Funk, Non-Music, Synth Rock, Electro-Pop, Country, Motown, Power Pop, Ballad, Screen, Synth Funk, Arena Rock, Literature, Progressive Rock, Adult Contemporary, Soft Rock, East Coast Rap, Glam Metal, Australia, Disco, Synthwave, Discography, Script, Rock, Christmas, Dance, Contemporary R&B, Yacht Rock, Unreleased, Funk Rock, Pop-Rock, Teen Pop, Folk Rock, Heartland Rock",48.09090909090909,42.0,4855.2162499999995,
"Tropical House, Dance Rock, Folk, Latin Pop, New York Rap, Hard Rock, Synth-Pop, Em Português, Rap, Adult Alternative, Tradução Em Português, Jazz, British Rock, Halloween, R&B, In English, Funk, Folk Pop, Ambient Pop, Latin Freestyle EDM, Blues Rock, Cover, Alternative Dance, New Wave (Rock), Sophisti-Pop, Electronic Rock, Alternative Rock, Dance-Pop, Soul, Metal, Easy Listening, Singer-Songwriter, Art Pop, Reggae, West Coast Rap, Psychedelic Rock, Funk-Pop, UK, Downtempo, Soundtrack, Alternative Pop, Christian, Art Rock, Soul Pop, Avant Pop, Pop Rap, USA, Glam Rock, Alternative, Piano Rock, UK Pop, England, Blues, Pop, Soul Jazz, Electronic, List, Electro-Funk, Ireland, Non-Music, Synth Rock, Electro-Pop, Motown, Smooth Jazz, Power Pop, Spoken Word, Ballad, Synth Funk, Literature, Progressive Rock, Acoustic, Adult Contemporary, Soft Rock, Horrorcore, Gangsta Rap, Medley, Parody, Gospel, Tribute, Australia, Glam Metal, Disco, Power Ballad, Heavy Metal, Rock, Comedy, Dance, House, Contemporary R&B, Deutschland, Yacht Rock, Funk Rock, Pop-Rock, New Zealand, Folk Rock, News, Heartland Rock, Brasil",52.0,42.0,5236.438,
"Dance Rock, Latin Pop, New Jack Swing, Alternative R&B, Hard Rock, Synth-Pop, Murder Ballad, Duet, Rap, Scandipop, Adult Alternative, Orchestral, British Rock, R&B, In English, Funk, Latin Freestyle EDM, Blues Rock, Gothic Rock, Symphonic Rock, New Wave (Rock), Progressive Metal, Scandinavia, Boy Band, Sophisti-Pop, Contemporary Folk, Electronic Rock, Alternative Rock, Dance-Pop, Soul, Metal, Americana, Electro-Hop, Singer-Songwriter, Art Pop, Sverige, Funk-Pop, UK, Pop-R&B, Downtempo, Soundtrack, Alternative Pop, Alternative Metal, Christian, Art Rock, Soul Pop, Pop Rap, Hip-Hop, USA, Time Lord Rock (Trock), Glam Rock, Alternative, UK Pop, Post-Punk, England, Pop, Girl Group, Electronic, Ireland, Non-Music, Dream Pop, Deutschpop, Electro-Pop, Motown, Funk Metal, Ballad, Power Pop, Screen, Synth Funk, Arena Rock, Storytelling, Literature, Rap-Rock, Acoustic, Adult Contemporary, Soft Rock, Parody, Gospel, Glam Metal, Power Ballad, Heavy Metal, Neo-Psychedelia, Rock, Dance, Contemporary R&B, Groove Metal, Release Calendar, Deutschland, Roots, Bubblegum Pop, Funk Rock, Pop-Rock, Teen Pop, Folk Rock, Chamber Pop, Country Rock, Heartland Rock",63.92307692307692,,5641.5795,
"Hi-Nrg, Dance Rock, Italia, Latin Pop, New Jack Swing, New York Rap, Hard Rock, Synth-Pop, Rap, Adult Alternative, British Rock, R&B, In English, Funk, Latin Freestyle EDM, Blues Rock, Cover, Gothic Rock, Country Pop, Alternative Dance, Rap Metal, Sophisti-Pop, Hardcore Rap, History, Alternative Rock, Dance-Pop, Soul, Metal, Singer-Songwriter, Protest Songs, Dark Pop, Sverige, Reggae, West Coast Rap, Psychedelic Rock, Funk-Pop, UK, Progressive Pop, Jamaica, Euro House, Downtempo, Soundtrack, Alternative Pop, Alternative Metal, Art Rock, Soul Pop, Pop Rap, Northern Ireland, USA, Hip-Hop, Glam Rock, UK Pop, Post-Punk, Conscious Hip-Hop, England, Pop, Dark Wave, Electronic, List, Non-Music, Remix, Synth Rock, Canada, Country, Electro-Pop, Motown, Funk Metal, Ballad, Power Pop, Arena Rock, Rap-Rock, Progressive Rock, Adult Contemporary, Soft Rock, Electro House, East Coast Rap, Glam Metal, Bay Area Rap, Neo-Psychedelia, Rock, Nu Disco, Comedy, EDM, Dance, Satire, House, Contemporary R&B, Release Calendar, Industrial, Yacht Rock, Funk Rock, Latin Rock, Pop-Rock, UK R&B, Baroque Pop, Folk Rock, Heartland Rock",66.3103448275862,25.25,5963.1445,8.68
"Dance Rock, Latin Pop, New Jack Swing, New York Rap, Hard Rock, Synth-Pop, Cartoon, Rap, British Rock, R&B, In English, Funk, Politics, Blues Rock, Gothic Rock, Cover, New Wave (Rock), Piano House, Hardcore Rap, Electronic Rock, History, Alternative Rock, Dance-Pop, Soul, Metal, Easy Listening, Singer-Songwriter, Garage House, Baggy, Sverige, Reggae, Hip House, UK, Jazz Rap, Soundtrack, TV, Soul Pop, Pop Rap, Independent, Hip-Hop, USA, Glam Rock, UK Pop, Post-Punk, Conscious Hip-Hop, England, Blues, Pop, Electronic, Indie Rock, Non-Music, Remix, Synth Rock, Canada, Conspiracy, Ballad, Synth Funk, Literature, Rap-Rock, Adult Contemporary, Soft Rock, Gospel, East Coast Rap, Trap, Glam Metal, Australia, Power Ballad, Heavy Metal, Philosophy, Rock, Indie Pop, Soul Rap, Dance, Liquid Drum & Bass, House, Contemporary R&B, Groove Metal, Bubblegum Pop, Funk Rock, Deep House, Pop-Rock",71.69047619047619,36.0,6158.12925,
"Eurodance, LGBTQ+, Folk, Operetta, New Jack Swing, Hard Rock, Synth-Pop, Bounce, Duet, Rap, Adult Alternative, British Rock, R&B, In English, Funk, Mental Health, Politics, Cover, Gothic Rock, Country Pop, New Wave (Rock), Trance, Piano House, Hardcore Rap, Electronic Rock, History, Alternative Rock, Dance-Pop, Soul, Singer-Songwriter, Art Pop, Zambia, Sverige, Reggae, West Coast Rap, G-Funk, Midwest Rap, UK, Pop-R&B, Progressive Pop, Downtempo, Soundtrack, Christian, Art Rock, Soul Pop, Pop Rap, Hip-Hop, USA, Live, Glam Rock, Piano Rock, Choral Music, UK Pop, Post-Punk, England, Pop, Girl Group, Electronic, Occult, Ireland, Mythology, Non-Music, Canada, Country, Trip-Hop, College Rock, Ballad, Spoken Word, Screen, Literature, Progressive Rock, Breakbeat, Adult Contemporary, Soft Rock, Electro House, Gospel, Bass Music, East Coast Rap, New Age, Bay Area Rap, Glam Metal, Power Ballad, Atlanta Rap, Neo-Psychedelia, Rock, Technology, EDM, Dance, Christian Rap, Jangle Pop, House, Honky-Tonk, Funk Rock, Pop-Rock, UK R&B, Country Rock, Heartland Rock",39.964285714285715,18.0,6520.32725,
"Dance Rock, LGBTQ+, Folk, New Jack Swing, New York Rap, Hard Rock, Synth-Pop, Rap, Scandipop, Adult Alternative, Orchestral, Charity, Jazz, British Rock, R&B, In English, Mental Health, Psychedelic Soul, Cover, Alternative Dance, New Wave (Rock), Scandinavia, Sophisti-Pop, Hardcore Rap, Electronic Rock, Euro Reggae, Pop Reggae, Alternative Rock, Dance-Pop, Diss Track, Soul, Easy Listening, Singer-Songwriter, Sverige, France, Reggae, West Coast Rap, G-Funk, Boom Bap, UK, Underground Rap, Jazz Rap, Soundtrack, Alternative Pop, American Underground (Rock), TV, Soul Pop, Pop Rap, Hip-Hop, USA, Posse Cut, Alternative, Piano Rock, England, Pop, Girl Group, Electronic, Indie Rock, List, Non-Music, Synth Rock, Canada, Dream Pop, Country, Deutschrap, Trip-Hop, College Rock, Ballad, Screen, Literature, Adult Contemporary, Soft Rock, Gangsta Rap, Electronica, Basketball, Electro House, Gospel, East Coast Rap, Bay Area Rap, Power Ballad, Atlanta Rap, Alternative Rap, Neo-Psychedelia, Rock, Nu Disco, Acid Jazz, Indie Pop, Dance, House, Deutschland, Deep House, Pop-Rock, Folk Rock, Chamber Pop",48.892857142857146,24.5,6858.5585,
"Grunge, Eurodance, Trap Metal, Dance Rock, Experimental Rap, Dark Plugg, New Jack Swing, Nigeria, Dancehall, New York Rap, Hard Rock, Synth-Pop, Britpop, Acid House, Post-Grunge, Jersey Club, Neo Soul, Duet, Rap, Scandipop, Adult Alternative, Emo Pop, Jazz, British Rock, Boogie, R&B, In English, Funk, Afrobeats, Cover, Country Pop, Emo, Alternative Dance, New Wave (Rock), Scandinavia, Post-Hardcore, Europop, Hardcore Rap, Rage, Electronic Rock, Euro Reggae, Iceland, Alternative Rock, Jazz-Funk, Noise, Dance-Pop, Japanese, Soul, Electro-Hop, Easy Listening, Southern Rap, Singer-Songwriter, Art Pop, Garage House, Meme Rap, Sverige, Reggae, West Coast Rap, Hip House, G-Funk, Boom Bap, UK, Underground Rap, Jazz Rap, Jamaica, Cloud Rap, Chicago Rap, Alternative Country, J-Pop, Kizomba, Hyperpop, Soundtrack, Alternative Pop, Alternative Metal, TV, Soul Pop, Jazz Fusion, Pop Rap, Independent, Hip-Hop, USA, Pop-Punk, Emo Trap, City Pop, Dubstep, Techno, Footwork, Alternative, Piano Rock, UK Pop, Dirty South, Conscious Hip-Hop, England, Blues, Pop, Electronic, Hardstyle, Japan, Indie Rock, List, Electro-Funk, Ireland, Remix, Non-Music, Experimental Pop, Canada, Electro-Pop, Electronic Trap, Country, Motown, Trip-Hop, Dark Trap, Ballad, Drill, Screen, Acoustic, Breakbeat, Chart History, Adult Contemporary, Horrorcore, Gangsta Rap, Electronica, Electro House, Gospel, Bass Music, East Coast Rap, Noise Rock, Hardcore EDM, Trap, Bay Area Rap, Breakcore, Disco, Synthwave, Lo-Fi, Atlanta Rap, Experimental, Alternative Rap, Rock, Nu Disco, Acid Jazz, P-Funk, Theme Song, Afroswing, Suomi, Dance, EDM, Electroclash, House, Contemporary R&B, Release Calendar, Honky-Tonk, Svensk Rap, IDM, Deep House, Pop-Rock, Teen Pop, Mashup, Noise Pop, UK Rap, Country Rock",46.41379310344828,25.166666666666668,7287.2365,
"Folktronica, Grunge, Eurodance, Hi-Nrg, Dancehall, New Jack Swing, New York Rap, Britpop, Synth-Pop, Post-Grunge, Neo Soul, Rap, Anime, Scandipop, Adult Alternative, Orchestral, British Rock, R&B, Funk, In English, Nerdcore, Country Pop, Alternative Dance, New Wave (Rock), Bluegrass, Scandinavia, Boy Band, Hardcore Rap, Electronic Rock, Traducción Al Español, History, Alternative Rock, Dance-Pop, Soul, Easy Listening, Singer-Songwriter, Sverige, México, West Coast Rap, Hip House, G-Funk, Rapcore, Midwest Rap, Funk-Pop, Boom Bap, UK, Underground Rap, Jamaica, Euro House, Alternative Country, Cloud Rap, Soundtrack, TV, Art Rock, Soul Pop, Italo Disco, Pop Rap, Hip-Hop, USA, Pop-Punk, Battle Rap, Techno, Alternative, UK Pop, Post-Punk, Conscious Hip-Hop, England, Pop, Girl Group, Electronic, List, Mythology, Non-Music, Sports, En Español, Canada, Country, Electro-Pop, Conspiracy, Trip-Hop, Punk Rock, Ballad, Power Pop, Screen, Literature, Acoustic, Chart History, Adult Contemporary, Soft Rock, Svensk Pop, Gangsta Rap, Horrorcore, East Coast Rap, Trap, Bay Area Rap, Disco, Atlanta Rap, Rock, Art-Punk, EDM, Dance, House, Contemporary R&B, Deutschland, Bubblegum Pop, Unreleased, Pop-Rock, Novelty, Baroque Pop, Baseball, Clean Up",47.5,33.5,7639.74925,8.80
"Grunge, Eurodance, Experimental Rap, New York Rap, Britpop, Hard Rock, Synth-Pop, Romanticism Literature, Post-Grunge, Neo Soul, Rap, Adult Alternative, Jazz, British Rock, R&B, In English, Latin Freestyle EDM, Blues Rock, Cover, Country Rap, Country Pop, New Wave (Rock), Bluegrass, Electro-Soul, Hardcore Rap, Electronic Rock, History, Alternative Rock, Dance-Pop, Diss Track, Soul, Meta, Easy Listening, Southern Rap, Singer-Songwriter, Reggae, West Coast Rap, Afrobeat, G-Funk, Psychedelic Rock, Boom Bap, UK, Euro House, Alternative Country, Soundtrack, Alternative Pop, Canadian Pop, Alternative Metal, Christian, Art Rock, Soul Pop, Pop Rap, Hip-Hop, USA, Québec, Glam Rock, Freestyle, Alternative, Piano Rock, UK Pop, Dirty South, Conscious Hip-Hop, England, Poetry, Christian Rock, Pop, Soul Jazz, Electronic, List, Non-Music, En Español, Remix, Canada, Memorial, Dream Pop, Country, Trip-Hop, Ballad, Literature, Rap-Rock, Acoustic, Adult Contemporary, Soft Rock, Gangsta Rap, Parody, East Coast Rap, Bay Area Rap, Australia, Atlanta Rap, Neo-Psychedelia, Rock, Nu Disco, Comedy, Dance, Jangle Pop, Christian Rap, Deutschland, Release Calendar, Experimental Rock, Yacht Rock, Pop-Rock, Baroque Pop",54.541666666666664,34.5,8073.12175,
"Hi-Nrg, Eurodance, Dance Rock, Dancehall, New Jack Swing, New York Rap, Synth-Pop, Cartoon, Rap, Scandipop, Adult Alternative, British Rock, R&B, In English, Funk, Musicals, Latin Freestyle EDM, Nerdcore, Country Pop, Alternative Dance, New Wave (Rock), Scandinavia, Europop, Hardcore Rap, Electronic Rock, Southern Rock, Euro Reggae, Danmark, Alternative Rock, Dance-Pop, Soul, Meta, Americana, Southern Rap, Singer-Songwriter, Garage House, Bubblegum Dance, Sverige, France, Reggae, Future House, West Coast Rap, G-Funk, Funk-Pop, UK, Pop-R&B, Holiday, Jamaica, Euro House, Gaming, Alternative Country, Hyperpop, Soundtrack, Alternative Pop, TV, Soul Pop, Pop Rap, Hip-Hop, USA, Battle Rap, Freestyle, Dirty South, England, Pop, Girl Group, Electronic, List, Electro-Funk, Ireland, Sports, Non-Music, Synth Rock, Canada, Chillout, Electro-Pop, Country, Trip-Hop, Korean (한국어), Ballad, Screen, Literature, Industrial Rock, Breakbeat, Chart History, Adult Contemporary, Gangsta Rap, Basketball, Electro House, East Coast Rap, Bay Area Rap, Atlanta Rap, Discography, Rock, EDM, Dance, Jangle Pop, House, Deutschland, Bubblegum Pop, French Pop, Pop-Rock, Novelty, Baroque Pop, Folk Rock, News",58.26315789473684,36.22222222222222,8577.552500000002,
"French Rap, Grunge, Avant Garde, Folk, Latin Pop, New York Rap, Britpop, Post-Grunge, Neo Soul, Duet, Rap, Adult Alternative, Orchestral, British Rock, R&B, In English, Musicals, Ska, En Français, Cover, Gothic Rock, Symphonic Rock, Bluegrass, Boy Band, Hardcore Rap, Electronic Rock, Alternative Rock, Dance-Pop, Soul, Easy Listening, Singer-Songwriter, Art Pop, France, Reggae, West Coast Rap, G-Funk, Psychedelic Rock, UK, Holiday, Progressive Pop, Alternative Country, Downtempo, Soundtrack, Alternative Pop, Soul Pop, Rockabilly, Pop Rap, Hip-Hop, USA, Alternative, Dirty South, Conscious Hip-Hop, England, Modernism (Literature), Pop, Girl Group, Electronic, List, Non-Music, Canada, Essay, Post-Britpop, Country, Electro-Pop, Trip-Hop, Punk Rock, Ballad, Power Pop, Literature, Industrial Rock, Breakbeat, Doo-Wop, Reggae Rock, Adult Contemporary, Soft Rock, Gangsta Rap, Electronica, Bass Music, East Coast Rap, Atlanta Rap, Discography, Alternative Rap, Neo-Psychedelia, Psychedelic Trance, Rock, Haiti, Christmas, Theme Song, Soul Rap, Ska Punk, EDM, Dance, Satire, House, Contemporary R&B, Release Calendar, Deutschland, Bubblegum Pop, Ambient, Pop-Rock, UK R&B, Baroque Pop, Teen Pop, Folk Rock, Chamber Pop, News",63.774193548387096,47.36363636363637,9062.81675,
"Grunge, Eurodance, Folk, Experimental Rap, Latin Pop, Dancehall, New York Rap, Alternative R&B, Post-Grunge, Neo Soul, Bounce, Rap, Nederland, Adult Alternative, Latin Music, R&B, In English, Funk, Cover, Country Rap, Country Pop, Alternative Dance, Rap Metal, Post-Hardcore, Boy Band, Hardcore Rap, Southern Rock, Alternative Rock, Dance-Pop, Soul, Metal, Americana, Easy Listening, Singer-Songwriter, Art Pop, Protest Songs, Bubblegum Dance, Reggae, Boom Bap, Jamaica, Euro House, Soundtrack, Alternative Metal, Soul Pop, Pop Rap, Hip-Hop, USA, Pop-Punk, Dirty South, Conscious Hip-Hop, Pop, Girl Group, Electronic, Industrial Metal, Non-Music, En Español, Canada, Country, Electro-Pop, Trip-Hop, Power Pop, Ballad, Spoken Word, Screen, Literature, Rap-Rock, Industrial Rock, Chart History, Adult Contemporary, Soft Rock, Gangsta Rap, Electronica, East Coast Rap, Soul Rock, Nu-Metal, Neo-Psychedelia, Rock, Flamenco, Christmas, Comedy, Soul Rap, Ska Punk, EDM, Dance, Contemporary R&B, Honky-Tonk, Bubblegum Pop, Funk Rock, Jamaican Patois, Pop-Rock, Novelty, Teen Pop, News",61.205882352941174,42.166666666666664,9631.17175,
"Italia, Algerian - جزائري‎, Folk, Latin Pop, Dancehall, New York Rap, Alternative R&B, Synth-Pop, Post-Grunge, Neo Soul, Duet, Rap, Nederland, Anime, Garage Rock, Adult Alternative, Orchestral, R&B, In English, Folk Pop, Funk, Miami Bass, Cover, Country Pop, Alternative Dance, Bluegrass, Trance, Boy Band, Hardcore Rap, Contemporary Folk, Arabic - عربي, Alternative Rock, Dance-Pop, Soul, Singer-Songwriter, Art Pop, Reggae, West Coast Rap, Psychedelic Rock, American Football, UK, Holiday, Jamaica, Euro House, Raï, Soundtrack, Alternative Pop, Superheroes, Disney, Soul Pop, Pop Rap, Independent, Hip-Hop, USA, Pop-Punk, Live, Alternative, UK Pop, Pop, Girl Group, Electronic, Arabic Pop - بوب عربي, Indie Rock, List, Ireland, Non-Music, Afro-Arab, Garage Punk, Country, Electro-Pop, Trip-Hop, Punk Rock, Power Pop, Ballad, Chart History, Adult Contemporary, Soft Rock, Gangsta Rap, Gospel, East Coast Rap, New Age, Australia, Disco, Atlanta Rap, Rock, Nu Disco, Haiti, Christmas, Indie Pop, EDM, Dance, House, Bubblegum Pop, Funk Rock, Jamaican Patois, Pop-Rock, Teen Pop, Country Rock",59.892857142857146,48.6,10250.952,8.83
"Folktronica, Eurodance, Dance Rock, Folk, Experimental Rap, Post-Grunge, Neo Soul, Rap, Scandipop, Adult Alternative, Orchestral, Jazz, British Rock, Boogie, R&B, In English, Folk Pop, Funk, Mental Health, Cover, Symphonic Rock, Country Pop, Österreich, Scandinavia, Europop, Boy Band, Hardcore Rap, Alternative Rock, Dance-Pop, Soul, Metal, Southern Rap, Singer-Songwriter, Bubblegum Dance, Sverige, West Coast Rap, G-Funk, Midwest Rap, Funk-Pop, Skate Punk, Boom Bap, UK, Pop-R&B, Euro House, Gaming, Soundtrack, Alternative Metal, Crunk, Art Rock, Soul Pop, Pop Rap, Hip-Hop, USA, Pop-Punk, Posse Cut, American Folk, Alternative, Piano Rock, UK Pop, Canadian Rock, Dirty South, Pop, Girl Group, Soul Jazz, Electronic, Indie Rock, List, Ireland, Non-Music, Chillout, Canada, Abstract Rap, Country, Electro-Pop, Auf Deutsch, Trip-Hop, Punk Rock, Smooth Jazz, UK Garage, Ballad, Rap-Rock, Chart History, Adult Contemporary, Soft Rock, Gangsta Rap, Electronica, Memphis Rap, East Coast Rap, Dub, Nu-Metal, Atlanta Rap, Alternative Rap, Rock, Indie Pop, Comedy, Dance, Contemporary R&B, Deutschland, Honky-Tonk, Experimental Rock, Bubblegum Pop, Funk Rock, Pop-Rock, Novelty, UK R&B, Teen Pop, Country Rock",66.36363636363636,56.15384615384615,10581.929,8.67
"Latin Pop, Dancehall, Alternative R&B, Hard Rock, Synth-Pop, Post-Grunge, Neo Soul, Rap, Garage Rock, Adult Alternative, Orchestral, R&B, In English, Funk, Mental Health, Country Pop, Punk Revival, Hardcore Rap, Alternative Rock, Dance-Pop, Diss Track, Soul, Metal, Easy Listening, Singer-Songwriter, México, Sverige, Reggae, West Coast Rap, Midwest Rap, Underground Rap, Jamaica, Gaming, Soundtrack, Alternative Pop, Canadian Pop, Alternative Metal, Soul Pop, Pop Rap, Hip-Hop, USA, Posse Cut, Québec, Techno, Alternative, Piano Rock, Dirty South, Pop, Girl Group, Electronic, Indie Rock, Remix, En Español, Garage Punk, Canada, Country, Electro-Pop, Auf Deutsch, Deutschrap, Punk Rock, Ballad, Arena Rock, Rap-Rock, Acoustic, Adult Contemporary, Soft Rock, Horrorcore, Gangsta Rap, Electronicore, East Coast Rap, Nu-Metal, Bay Area Rap, Australia, Atlanta Rap, Lo-Fi, Rock, Nu Disco, Theme Song, Dance, Electroclash, House, Contemporary R&B, Deutschland, Funk Rock, Jamaican Patois, Pop-Rock, Deutschrock, Baroque Pop, Glitch, Folk Rock, Country Rock",72.17777777777778,54.23076923076923,10929.108250000001,8.67
"Folktronica, Indian Pop, LGBTQ+, Dancehall, New York Rap, Alternative R&B, Hard Rock, Post-Grunge, Neo Soul, Bounce, Rap, Adult Alternative, Orchestral, Jazz, British Rock, R&B, In English, Funk, Politics, Cover, Country Rap, Country Pop, Boy Band, Hardcore Rap, Alternative Rock, Dance-Pop, Diss Track, Soul, Metal, Easy Listening, Southern Rap, Singer-Songwriter, Lounge, West Coast Rap, Midwest Rap, Psychedelic Rock, Funk-Pop, UK, Underground Rap, Jazz Rap, Jamaica, Detroit Rap, Chicago Rap, Gaming, Soundtrack, Alternative Pop, Alternative Metal, Crunk, Art Rock, Soul Pop, Rockabilly, Jazz Fusion, Pop Rap, Independent, Hip-Hop, USA, Pop-Punk, Posse Cut, Dance Punk, Techno, Piano Rock, Alternative, Canadian Rock, Dirty South, Conscious Hip-Hop, England, Pop, Girl Group, Soul Jazz, Electronic, Indie Rock, List, Remix, Non-Music, Chillout, Canada, Dream Pop, Post-Britpop, Country, Electro-Pop, Trip-Hop, Punk Rock, Ballad, India, Rap-Rock, Trinidad & Tobago, Chart History, Adult Contemporary, Soft Rock, Gangsta Rap, Electronica, Tour Information, East Coast Rap, Soul Rock, Trap, Nu-Metal, Australia, Atlanta Rap, Alternative Rap, Rock, Theme Song, Indie Pop, Comedy, Soul Rap, Dance, Electroclash, Contemporary R&B, Release Calendar, Honky-Tonk, Россия (Russia), Funk Rock, Jamaican Patois, Pop-Rock, Teen Pop, Glitch, Folk Rock, Country Rock",60.48780487804878,47.083333333333336,11456.449499999999,8.66
"UK Pop, Dirty South, Alternative Rock, Australia, Blues, Soul, Christian Rock, Texas Rap, Pop, Electro-Hop, Atlanta Rap, Lullaby, East Coast Rap, New York Rap, Dancehall, Singer-Songwriter, Indie Rock, Hard Rock, Synth-Pop, List, Protest Songs, Rock, Post-Grunge, Alternative R&B, Jerk, Neo Soul, Reggae, West Coast Rap, Non-Music, Remix, Rap, Garage Rock, Canada, UK, Underground Rap, Country, Pop-R&B, Jamaica, Anthem, Gaming, Dance, Punk Rock, R&B, In English, Power Pop, Ballad, Soundtrack, Contemporary R&B, Arena Rock, Deutschland, Politics, Honky-Tonk, Disney, Crunk, Christian, Soul Pop, Cover, Latin Urban, Adult Contemporary, Pop Rap, Alternative Dance, Gangsta Rap, New Wave (Rock), Pop-Rock, Pop-Punk, USA, Hip-Hop, Teen Pop, Tour Information, Country Rock, Hardcore Rap, Electronic Rock, Alternative",50.77142857142857,41.583333333333336,12217.19575,8.67
"Eurodance, Dance Rock, Reggaetón, Folk, Latin Pop, Dancehall, Hard Rock, Post-Grunge, Rap, Garage Rock, Adult Alternative, Emo Pop, Orchestral, British Rock, Latin Music, R&B, In English, Funk, Folk Pop, Politics, Blues Rock, Cover, Country Pop, Alternative Dance, New Wave (Rock), Österreich, Scotland, Boy Band, Florida Rap, Post-Punk Revival, Hardcore Rap, Electronic Rock, Alternative Rock, Dance-Pop, Soul, Meta, Metal, Easy Listening, Southern Rap, Singer-Songwriter, Art Pop, Sverige, Reggae, Puerto Rico, Midwest Rap, Psychedelic Rock, Funk-Pop, UK, Pop-R&B, Jamaica, Detroit Rap, Euro House, Chicago Rap, Soundtrack, Alternative Pop, Alternative Metal, Christian, TV, Art Rock, Soul Pop, Crunk, Pop Rap, Garage Rock Revival, Pop-Punk, USA, Hip-Hop, Dance Punk, Alternative, Piano Rock, Dirty South, Conscious Hip-Hop, Blues, Christian Rock, Texas Rap, Pop, Girl Group, Electronic, Indie Rock, List, Thrash Metal, Non-Music, En Español, Remix, Abstract Rap, Post-Britpop, Go-Go, Country, Electro-Pop, Auf Deutsch, Trip-Hop, Punk Rock, Power Pop, Ballad, Synth Funk, Arena Rock, Rap-Rock, Acoustic, Breakbeat, Chart History, Adult Contemporary, Soft Rock, Gangsta Rap, Türkçe Çeviri, East Coast Rap, Colombia, Trap, Heavy Metal, Atlanta Rap, Discography, Rock, Comedy, Soul Rap, EDM, Dance, Electroclash, House, Contemporary R&B, Release Calendar, Honky-Tonk, Experimental Rock, Bubblegum Pop, Unreleased, Funk Rock, Latin Urban, Pop-Rock, Novelty, Demo, Teen Pop, Folk Rock, Country Rock, Heartland Rock",46.04761904761905,35.5,13039.197,8.54
"Eurodance, Dancehall, Post-Rock, Hard Rock, Synth-Pop, Post-Grunge, Christian Pop, Rap, Adult Alternative, Emo Pop, Jazz, British Rock, R&B, In English, Funk, Cover, Emo, Country Pop, New Wave (Rock), Österreich, Trance, Scotland, Europop, Traducción Al Español, Chipmunk Soul, Alternative Rock, Dance-Pop, Soul, Meta, Metal, Eurotrance, Easy Listening, Singer-Songwriter, Reggae, West Coast Rap, Midwest Rap, Funk-Pop, UK, Pop-R&B, Underground Rap, Holiday, Jamaica, Cloud Rap, Soundtrack, Alternative Metal, Christian, Crunk, TV, Soul Pop, Disney, Pop Rap, Pop-Punk, USA, Hip-Hop, Northern Ireland, Techno, Alternative, Canadian Rock, UK Pop, Dirty South, Blues, Christian Rock, Texas Rap, Pop, Electronic, Industrial Metal, Indie Rock, List, En Español, Non-Music, Remix, Canada, Dream Pop, Post-Britpop, Country, Electro-Pop, Hard Trance, Auf Deutsch, Punk Rock, Ballad, Rap-Rock, Industrial Rock, España, Chart History, Adult Contemporary, Soft Rock, Parody, Bay Area Rap, Power Ballad, Heavy Metal, Atlanta Rap, Discography, Rock, Christmas, Theme Song, Comedy, Electro-Industrial, EDM, Dance, Satire, Christian Rap, Deutschland, Industrial, Emo Rap, Funk Rock, Pop-Rock, Teen Pop, Folk Rock, Chamber Pop, UK Rap, Country Rock, Clean Up, Christian Metal",38.03333333333333,25.4,13815.583,8.55
"Avant Garde, Dance Rock, Lebanese - لبناني, LGBTQ+, Folk, Latin Pop, Dancehall, New York Rap, Srpski Prevod, Hard Rock, Post-Grunge, Neo Soul, Duet, Rap, Garage Rock, Adult Alternative, Emo Pop, Charity, Jazz, R&B, In English, Mental Health, Musicals, Miami Bass, Русский поп (Russian Pop), Blues Rock, Cover, Country Pop, Emo, Post-Hardcore, Post-Punk Revival, Hardcore Rap, Iceland, Alternative Rock, Dance-Pop, Diss Track, Soul, Metal, Americana, Southern Rap, Singer-Songwriter, Art Pop, Dark Pop, France, West Coast Rap, UK, Underground Rap, Pop-R&B, Jamaica, Chicago Rap, Soundtrack, Alternative Pop, Canadian Pop, Alternative Metal, Swing, Disney, Crunk, TV, Soul Pop, Art Rock, Jazz Fusion, Pop Rap, Hip-Hop, USA, Pop-Punk, Techno, Glam Rock, Alternative, Piano Rock, Post-Punk, Dirty South, Blues, Texas Rap, Pop, Girl Group, Electronic, Tribal, Indie Rock, Arabic Pop - بوب عربي, List, Non-Music, Canada, Country, Electro-Pop, Ballad, Rap-Rock, Adult Contemporary, Soft Rock, Gangsta Rap, Electro House, East Coast Rap, Colombia, Trap, Melodic Hardcore, Atlanta Rap, Experimental, Rock, Metalcore, Indie Pop, EDM, Dance, Electroclash, House, Contemporary R&B, Release Calendar, Honky-Tonk, Bubblegum Pop, Россия (Russia), IDM, Deep House, Pop-Rock, Baroque Pop, Teen Pop, Chamber Pop, Country Rock",33.629629629629626,26.846153846153847,14474.226999999999,8.55
"Eurodance, Traduzione Italiana, Folk, Experimental Rap, Alternative R&B, Hard Rock, Synth-Pop, Post-Grunge, Bounce, Rap, Scandipop, Cuba, Orchestral, Folk Pop, In English, R&B, Psychedelic Soul, Musicals, Arabic Rap - راب عربي, Cover, Symphonic Rock, Country Pop, Emo, Bluegrass, Scandinavia, Europop, Boy Band, Hardcore Rap, Contemporary Folk, Southern Rock, Danmark, Alternative Rock, Dance-Pop, Soul, Metal, Easy Listening, Southern Rap, Singer-Songwriter, Dark Pop, Sverige, West Coast Rap, Funk-Pop, Psychedelic Rock, UK, Pop-R&B, Holiday, Jamaica, Euro House, Soundtrack, Alternative Pop, Alternative Metal, Disney, Crunk, TV, Soul Pop, Pop Rap, Indie Folk, Independent, Pop-Punk, USA, Hip-Hop, Posse Cut, Alternative, Piano Rock, UK Pop, Dirty South, Blues, Pop, Electronic, Industrial Metal, Indie Rock, List, Jerk, Thrash Metal, Ireland, Non-Music, Canada, Abstract Rap, Country, Electronic Trap, Electro-Pop, Punk Rock, Ballad, Power Pop, Chart History, Adult Contemporary, Electronica, Electro House, East Coast Rap, Česko, Nu-Metal, Trap, Disco, Heavy Metal, Atlanta Rap, Synthwave, Experimental, Rock, Christmas, Indie Pop, EDM, Dance, Witch House, House, Contemporary R&B, Experimental Rock, Pop-Rock, UK R&B, Teen Pop, Folk Rock, Country Rock, Heartland Rock",29.966666666666665,19.333333333333332,14769.86175,8.32
"Eurodance, Dancehall, New York Rap, Alternative R&B, Hard Rock, Synth-Pop, Post-Grunge, Neo Soul, Christian Pop, Duet, Rap, Adult Alternative, Orchestral, R&B, In English, Funk, Musicals, Christian R&B, Cover, Symphonic Rock, Emo, Country Pop, Europop, Hardcore Rap, Southern Rock, Alternative Rock, Dance-Pop, Soul, Metal, Easy Listening, Southern Rap, Singer-Songwriter, Protest Songs, Reggae, West Coast Rap, Midwest Rap, Funk-Pop, UK, Pop-R&B, Jamaica, Detroit Rap, Midtempo, Soundtrack, Alternative Pop, Canadian Pop, Christian, Crunk, TV, Soul Pop, Disney, Pop Rap, Independent, Pop-Punk, USA, Hip-Hop, Posse Cut, Glam Rock, Piano Rock, Alternative, Dirty South, Christian Rock, Pop, Electronic, Indie Rock, List, Jerk, Ireland, Remix, Non-Music, Synth Rock, Canada, Electro-Pop, Country, Doom Metal, Punk Rock, Power Pop, Ballad, Big Band, Screen, Arena Rock, Rap-Rock, Chart History, Adult Contemporary, Soft Rock, Gangsta Rap, Electro House, Gospel, East Coast Rap, Colombia, Trap, Bitpop, Power Ballad, Heavy Metal, Atlanta Rap, Discography, Rock, Indie Pop, Comedy, Dance, Electroclash, Contemporary R&B, Deutschland, Bubblegum Pop, Unreleased, Pop-Rock, Teen Pop, Baroque Pop, Mashup, Folk Rock, Country Rock",57.05882352941177,30.083333333333332,14478.06725,8.11
"Grunge, Eurodance, Dance Rock, Reggaetón, LGBTQ+, Folk, Latin Pop, Dancehall, New York Rap, Alternative R&B, Hard Rock, Synth-Pop, Post-Grunge, Neo Soul, Duet, Rap, Adult Alternative, Cuba, Tradução Em Português, Orchestral, Jazz, British Rock, Latin Music, R&B, In English, Funk, Year End List, Musicals, Cover, Gothic Rock, Country Pop, Alternative Dance, New Wave (Rock), Bluegrass, Post-Hardcore, Europop, Boy Band, Florida Rap, Hardcore Rap, Electronic Rock, Southern Rock, Alternative Rock, Jazz-Funk, Dance-Pop, Diss Track, Soul, Meta, Metal, Easy Listening, Southern Rap, Singer-Songwriter, Bubblegum Dance, Dark Pop, France, Reggae, Future House, Hip House, West Coast Rap, Midwest Rap, Funk-Pop, UK, Pop-R&B, Jamaica, Detroit Rap, Cloud Rap, Soundtrack, Alternative Pop, Canadian Pop, Alternative Metal, Swing, Disney, TV, Soul Pop, Jazz Fusion, Pop Rap, Independent, Hip-Hop, USA, Pop-Punk, Tech House, Techno, Alternative, Piano Rock, Canadian Rock, UK Pop, Dirty South, Techno Rap, Conscious Hip-Hop, England, Pop, Electronic, Indie Rock, List, Ireland, Remix, Non-Music, En Español, Experimental Pop, Synth Rock, Canada, Memorial, Dream Pop, Country, Electro-Pop, Deutschrap, Punk Rock, Ballad, Screen, República Dominicana, Rap-Rock, Trinidad & Tobago, España, Chart History, Adult Contemporary, Soft Rock, Horrorcore, Gangsta Rap, Electronica, Electro House, Electronicore, Colombia, French Rock, Trap, Australia, Heavy Metal, Atlanta Rap, Synthwave, Discography, Experimental, Rock, Christmas, Comedy, Electro-Industrial, EDM, Dance, DMV Rap, Electroclash, House, Groove Metal, Deutschland, Contemporary R&B, Honky-Tonk, Industrial, Genius Japan, Bubblegum Pop, Emo Rap, Unreleased, Latin Urban, Funk Rock, Pop-Rock, UK R&B, Demo, Teen Pop, Baroque Pop, Mashup, News, Country Rock, Clean Up",46.886792452830186,19.307692307692307,15048.971000000001,8.22
"Eurodance, LGBTQ+, Latin Pop, Dancehall, New York Rap, Alternative R&B, Synth-Pop, Post-Grunge, Neo Soul, Bounce, Duet, Rap, Adult Alternative, Brass Band, Tradução Em Português, Orchestral, Jazz, British Rock, Halloween, R&B, In English, Musicals, Politics, Cover, Country Rap, Country Pop, Österreich, Trance, Boy Band, Florida Rap, Hardcore Rap, Electronic Rock, Southern Rock, Pop Reggae, Alternative Rock, Dance-Pop, Diss Track, Soul, Meta, Easy Listening, Electro-Hop, Southern Rap, Singer-Songwriter, Art Pop, Dark Pop, Hip House, West Coast Rap, Midwest Rap, Holiday, Pop-R&B, UK, Chicago Rap, Science, Soundtrack, Alternative Pop, Disney, TV, Crunk, Soul Pop, Rockabilly, Hawaiian, Pop Rap, Independent, Hip-Hop, USA, Pop-Punk, Techno, Alternative, Choral Music, UK Pop, Dirty South, England, Hyphy, Pop, Soul Jazz, Electronic, List, Electro-Funk, Jerk, Ireland, Non-Music, Remix, En Español, Canada, Country, Electro-Pop, Auf Deutsch, Deutschrap, Punk Rock, Ballad, Screen, Arena Rock, Literature, Trinidad & Tobago, Progressive Rock, Chart History, Adult Contemporary, Gangsta Rap, Electronica, Electro House, East Coast Rap, Trap, Discography, Rock, Nu Disco, Broadway, Christmas, Theme Song, EDM, Dance, ​​Traduction Française, House, Contemporary R&B, Business, Unreleased, Pop-Rock, Deutschrock, Demo, Teen Pop, News, Country Rock",44.735849056603776,16.833333333333332,15599.7315,8.23
"Eurodance, België/Belgique, Surf Rock, Dance Rock, Italia, Tropical House, LGBTQ+, Folk, Experimental Rap, Alternative R&B, Britpop, Hard Rock, Em Português, Synth-Pop, Neo Soul, Bounce, Duet, Rap, Garage Rock, Adult Alternative, Cuba, Tradução Em Português, Latin Music, R&B, In English, Folk Pop, Canadian Rap, Politics, Ska, Blues Rock, Cover, Country Pop, Alternative Dance, Österreich, Bluegrass, Piano House, Scotland, Boy Band, Florida Rap, Electronic Rock, Southern Rock, Traducción Al Español, K-Pop (케이팝), Chipmunk Soul, Alternative Rock, Dance-Pop, Soul, Easy Listening, Electro-Hop, Southern Rap, Singer-Songwriter, Art Pop, Dark Pop, Hip House, Midwest Rap, Boom Bap, UK, Pop-R&B, Holiday, Chicago Rap, Alternative Country, Gaming, Science, Midtempo, Soundtrack, Alternative Pop, Canadian Pop, Christian, Soul Pop, Pop Rap, Independent, Hip-Hop, USA, Dubstep, Genius Korea, Glam Rock, Choral Music, Alternative, UK Pop, Dirty South, Conscious Hip-Hop, England, Blues, Texas Rap, Pop, Electronic, Indie Rock, List, Ireland, Non-Music, Remix, Experimental Pop, Canada, Country, Electro-Pop, South Korea (대한민국), Auf Deutsch, Trip-Hop, Korean (한국어), Ballad, Power Pop, Rap-Rock, Trinidad & Tobago, Progressive House, Surf, Chart History, Adult Contemporary, Electronica, Electro House, Gospel, East Coast Rap, Colombia, Trap, Australia, Atlanta Rap, Discography, Rock, Nu Disco, Christmas, Sertanejo, Indie Pop, Comedy, DMV Rap, Dance, ​​Traduction Française, EDM, House, Contemporary R&B, Honky-Tonk, Bubblegum Pop, Pop-Rock, Teen Pop, Baroque Pop, Mashup, Folk Rock, UK Rap, Country Rock, Brasil",47.77777777777778,15.0,16253.97,8.34
"A Cappella, Dance Rock, Tropical House, LGBTQ+, Experimental Rap, Alternative R&B, Hard Rock, Synth-Pop, Neo Soul, Bounce, Duet, Rap, Nederland, Adult Alternative, Tradução Em Português, Orchestral, British Rock, Latin Music, R&B, In English, Mental Health, Funk, Canadian Rap, Musicals, Politics, Country Rap, Cover, Country Pop, Bluegrass, Österreich, Boy Band, Hardcore Rap, Electronic Rock, Southern Rock, Chipmunk Soul, K-Pop (케이팝), Alternative Rock, Dance-Pop, Soul, Metal, Easy Listening, Singer-Songwriter, Art Pop, Dark Pop, West Coast Rap, Future House, Midwest Rap, UK, Pop-R&B, Electro-Swing, Chicago Rap, Alternative Country, Soundtrack, Alternative Pop, Canadian Pop, Disney, Soul Pop, Pop Rap, Hip-Hop, USA, Dubstep, Genius Korea, Outro, Alternative, UK Pop, Dirty South, Conscious Hip-Hop, England, Pop, Electronic, List, Ireland, Non-Music, Sports, Remix, Drumless Hip Hop, Experimental Pop, En Español, Canada, Electro-Pop, Country, South Korea (대한민국), Auf Deutsch, Korean (한국어), Ballad, Power Pop, Screen, Arena Rock, Literature, República Dominicana, Rap-Rock, Trinidad & Tobago, Progressive House, Acoustic, Industrial Rock, Chart History, Adult Contemporary, Soft Rock, Electronica, Electro House, Memphis Rap, Tribute, Bachata, Trap, Power Ballad, Heavy Metal, Atlanta Rap, Experimental, Rock, Industrial Hip-Hop, Comedy, Soul Rap, EDM, Dance, DMV Rap, ​​Traduction Française, House, Release Calendar, Deutschland, Honky-Tonk, Industrial, Bubblegum Pop, Pop-Rock, UK R&B, Teen Pop, Mashup, Folk Rock, News, Country Rock",46.51923076923077,14.166666666666666,16880.683250000002,8.32
"Dance Rock, Tropical House, LGBTQ+, Folk, Latin Pop, Dancehall, New Jack Swing, Alternative R&B, New York Rap, Britpop, Synth-Pop, Em Português, Kwaito, Neo Soul, Christian Pop, Bounce, Duet, Rap, Scandipop, Adult Alternative, Tradução Em Português, Orchestral, British Rock, Stoner Rock, Latin Music, R&B, In English, Funk, Mental Health, Folk Pop, Chiptune, Mambo, Ska, Afrobeats, Blues Rock, Cover, Country Pop, Solo Piano, New Wave (Rock), Scandinavia, Piano House, Norge, Boy Band, Alternative Rock, Dance-Pop, Soul, Meta, Eurotrance, Americana, Electro-Hop, Easy Listening, Southern Rap, Singer-Songwriter, Art Pop, Dark Pop, México, Sverige, Reggae, Hip House, West Coast Rap, Funk-Pop, Psychedelic Rock, UK, Pop-R&B, Holiday, Ελληνικη μεταφραση (Greek Translation), Alternative Country, Euro House, Midtempo, Soundtrack, Alternative Pop, Swing, Christian, Crunk, Post-Dubstep, Soul Pop, Pop Rap, Independent, Hip-Hop, USA, Dubstep, Techno, Alternative, Morocco - مغربي, UK Pop, Conscious Hip-Hop, England, Pop, Girl Group, Electronic, Indie Rock, List, Jerk, Hard Bass, Ireland, Non-Music, En Español, Remix, Experimental Pop, Synth Rock, Canada, Memorial, Chillout, Country, Electronic Trap, Electro-Pop, South Africa, Ballad, Spoken Word, Power Pop, Progressive House, Acoustic, Doo-Wop, España, Adult Contemporary, Soft Rock, Gangsta Rap, Electronica, Electro House, Memphis Rap, Bass Music, East Coast Rap, Colombia, Trap, Australia, Bitpop, Synthwave, Atlanta Rap, Discography, Experimental, Rock, Christmas, Indie Pop, Comedy, Soul Rap, EDM, Dance, DMV Rap, Satire, Witch House, House, Contemporary R&B, Future Bass, Bubblegum Pop, Funk Rock, Latin Rock, Pop-Rock, Novelty, UK R&B, Teen Pop, New Zealand, Folk Rock, Chamber Pop, Country Rock, Brasil",42.43396226415094,14.692307692307692,17608.13825,8.36
"A Cappella, Dance Rock, Tropical House, Reggaetón, LGBTQ+, Aussie Hip-Hop, Folk, Experimental Rap, Dancehall, Latin Pop, Alternative R&B, Bedroom Pop, Britpop, Hard Rock, Synth-Pop, Stomp And Holler, Post-Grunge, Neo Soul, Christian Pop, Duet, Rap, Nederland, Awards, Adult Alternative, Tradução Em Português, Canadian Drill, British Rock, Latin Music, R&B, In English, Folk Pop, Funk, Canadian Rap, Worship, Politics, Blues Rock, Country Pop, Alternative Dance, Electro-Soul, Boy Band, Hymn, Hardcore Rap, Electronic Rock, Southern Rock, Traducción Al Español, History, Alternative Rock, Dance-Pop, Diss Track, Soul, Meta, Metal, Easy Listening, Brill Building, Singer-Songwriter, Spanish Urban, Art Pop, Dark Pop, Reggae, West Coast Rap, Hip House, Puerto Rico, Synth Punk, UK, Pop-R&B, Jazz Rap, Jamaica, Cloud Rap, Soundtrack, Alternative Pop, Canadian Pop, Alternative Metal, Christian, Soul Pop, Pop Rap, Indie Folk, Independent, Hip-Hop, USA, Live, Dubstep, Freestyle, Alternative, UK Pop, Dirty South, Conscious Hip-Hop, England, Christian Rock, Texas Rap, Pop, Girl Group, Electronic, Indie Rock, List, Ireland, Non-Music, En Español, Remix, Synth Rock, Canada, Chillout, Country, Electro-Pop, Electronic Trap, Auf Deutsch, Deutschrap, Dark Trap, Spanish Pop, Ballad, Drill, Synth Funk, Arena Rock, Screen, Trinidad & Tobago, Acoustic, Doo-Wop, Reggae Rock, Chart History, España, Adult Contemporary, Soft Rock, Gangsta Rap, Electronica, Electro House, Gospel, East Coast Rap, Colombia, Trap, Australia, Atlanta Rap, Synthwave, Neo-Psychedelia, Rock, Nu Disco, Indie Pop, Comedy, Soul Rap, DMV Rap, EDM, Dance, House, Contemporary R&B, Deutschland, Bubblegum Bass, Bubblegum Pop, Funk Rock, Latin Urban, Deep House, Pop-Rock, Teen Pop, Folk Rock, Country Rock",46.301886792452834,15.583333333333334,18295.019,8.40
"Tropical House, Nu-Jazz, Jazz Rock, Chamber Music, Latin Pop, Dancehall, New Jack Swing, Alternative R&B, New York Rap, Experimental Rap, Synth-Pop, Acid House, Murder Ballad, Neo Soul, Bounce, Rap, Scandipop, Adult Alternative, Awards, Tradução Em Português, Jazz, Afropop, British Rock, R&B, In English, Funk, Canadian Rap, Psychedelic Soul, Electric Blues, Dark Jazz, Ambient Pop, Afrobeats, Cover, Country Pop, Alternative Dance, New Wave (Rock), Bluegrass, Scandinavia, Electro-Soul, Sophisti-Pop, Hardcore Rap, Electronic Rock, Traducción Al Español, Danmark, Chipmunk Soul, Alternative Rock, Dance-Pop, Soul, Meta, Americana, Easy Listening, Singer-Songwriter, Art Pop, Dark Pop, Sverige, Reggae, West Coast Rap, Hip House, Midwest Rap, Funk-Pop, Ragga, Boom Bap, UK, Pop-R&B, Jazz Rap, Lovers Rock, Underground Rap, Detroit Rap, Cloud Rap, Chicago Rap, Alternative Country, Downtempo, Soundtrack, Alternative Pop, Canadian Pop, Superheroes, Swing, Christian, Art Rock, Soul Pop, Jazz Fusion, Pop Rap, Independent, Hip-Hop, USA, Pop-Punk, Posse Cut, Battle Rap, Outro, Alternative, UK Pop, Dirty South, Conscious Hip-Hop, England, Blues, Texas Rap, Pop, Girl Group, Dark Wave, Electronic, List, Canadian R&B, Electro-Funk, Remix, Non-Music, En Español, Canada, Memorial, Country, Electro-Pop, Motown, Trip-Hop, Zydeco, Punk Rock, Ballad, Spoken Word, Screen, Synth Funk, Progressive Rock, Doo-Wop, Adult Contemporary, Gangsta Rap, Electronica, Electro House, Türkçe Çeviri, Memphis Rap, Gospel, East Coast Rap, Trap, Australia, Bay Area Rap, Atlanta Rap, Synthwave, Experimental, Alternative Rap, Intro, Neo-Psychedelia, Rock, Nu Disco, Industrial Hip-Hop, Progressive Electronic, Indie Pop, Soul Rap, DMV Rap, Dance, ​​Traduction Française, EDM, Christian Rap, House, Contemporary R&B, Future Bass, Honky-Tonk, Experimental Rock, Bubblegum Pop, Funk Rock, Deep House, Pop-Rock, Reprise, Teen Pop, Country Rock",51.528301886792455,16.666666666666668,18804.91325,8.41
"Trap Metal, Dance Rock, Reggaetón, Tropical House, LGBTQ+, Folk, Latin Pop, Dancehall, New York Rap, Alternative R&B, Britpop, Synth-Pop, Neo Soul, Duet, Rap, Adult Alternative, Cuba, Tradução Em Português, Jazz, British Rock, Latin Music, R&B, In English, Folk Pop, Funk, Canadian Rap, Musicals, Politics, Cover, Country Pop, Emo, Alternative Dance, English Translation, New Wave (Rock), Bluegrass, Boy Band, Florida Rap, Hardcore Rap, Electronic Rock, Traducción Al Español, K-Pop (케이팝), Alternative Rock, Dance-Pop, Diss Track, Soul, Americana, Easy Listening, Southern Rap, Singer-Songwriter, Art Pop, Bubblegum Dance, Dark Pop, México, Puerto Rico, West Coast Rap, Hip House, G-Funk, Midwest Rap, Funk-Pop, UK, Pop-R&B, Jamaica, Anthem, Detroit Rap, Alternative Country, Cloud Rap, Soundtrack, Alternative Pop, Disney, TV, Pop Rap, Independent, Hip-Hop, USA, Emo Trap, Genius Korea, Alternative, UK Pop, Dirty South, Conscious Hip-Hop, England, Poetry, Texas Rap, Pop, Русский перевод (Russian Translation), Electronic, Indie Rock, List, Ireland, Non-Music, En Español, Remix, Synth Rock, Canada, Chillout, Trapwave, Dream Pop, Electro-Pop, Country, Electronic Trap, South Korea (대한민국), Korean (한국어), Ballad, Spoken Word, Drill, Synth Funk, Arena Rock, Acoustic, Adult Contemporary, Gangsta Rap, Electronica, Electro House, Bass Music, Short Story, East Coast Rap, Colombia, Bachata, Trap, Australia, New York Drill, Atlanta Rap, British Folk, Lo-Fi, Synthwave, Discography, Alternative Rap, Neo-Psychedelia, Rock, Industrial Hip-Hop, Detroit Trap, Deutsche Übersetzung, Indie Pop, Electro-Industrial, EDM, Dance, Celtic, House, Contemporary R&B, Future Bass, Deutschland, Honky-Tonk, Industrial, Bubblegum Pop, Emo Rap, Latin Urban, Funk Rock, Pop-Rock, UK R&B, Teen Pop, Folk Rock, Chamber Pop, UK Rap, Country Rock",39.867924528301884,18.916666666666668,19612.1025,8.43
"Grunge, Tropical House, Reggaetón, Folk, Experimental Rap, Latin Pop, New York Rap, Alternative R&B, Dancehall, Synth-Pop, Chillhop, Neo Soul, Bounce, Duet, Rap, Chopped And Screwed, Adult Alternative, Awards, Tradução Em Português, Charity, Latin Music, Folk Pop, In English, R&B, Mental Health, Slowcore, Canadian Rap, Funk, Psychedelic Soul, Year End List, Musicals, Politics, Ambient Pop, Afrobeats, Cover, Country Pop, Emo, English Translation, Bluegrass, Florida Rap, Hardcore Rap, Electronic Rock, K-Pop (케이팝), Chipmunk Soul, Alternative Rock, Dance-Pop, Diss Track, Soul, Easy Listening, Electro-Hop, Southern Rap, Singer-Songwriter, Art Pop, México, West Coast Rap, Puerto Rico, Midwest Rap, Psychedelic Rock, Funk-Pop, Boom Bap, UK, Pop-R&B, Jazz Rap, Holiday, Detroit Rap, Cloud Rap, Chicago Rap, Alternative Country, Downtempo, Soundtrack, Alternative Pop, Canadian Pop, Superheroes, Christian, Post-Dubstep, Art Rock, Soul Pop, Pop Rap, Independent, Hip-Hop, USA, Pop-Punk, Emo Trap, Posse Cut, Dubstep, Genius Korea, Freestyle, Outro, Alternative, Dirty South, Conscious Hip-Hop, Christian Rock, Texas Rap, Pop, Girl Group, Русский перевод (Russian Translation), Electronic, Indie Rock, List, Electro-Funk, Non-Music, En Español, Remix, Synth Rock, Canada, Memorial, Chillout, Dream Pop, Country, Electro-Pop, Electronic Trap, South Korea (대한민국), Motown, Trip-Hop, Korean (한국어), Ballad, Drill, Synth Funk, Rap-Rock, Trinidad & Tobago, Acoustic, Chart History, Adult Contemporary, Gangsta Rap, Türkçe Çeviri, East Coast Rap, Trap, New York Drill, Atlanta Rap, Synthwave, Lo-Fi, Experimental, Alternative Rap, Intro, Neo-Psychedelia, Rock, Nu Disco, Broadway, Industrial Hip-Hop, Christmas, Deutsche Übersetzung, Indie Pop, Soul Rap, DMV Rap, Dance, ​​Traduction Française, EDM, House, Contemporary R&B, Future Bass, Deutschland, Honky-Tonk, Experimental Rock, Interlude, Industrial, Ambient, Emo Rap, Unreleased, Latin Urban, Pop-Rock, UK R&B, Baroque Pop, Teen Pop, Folk Rock, Art, ترجمه ی فارسی (Farsi Translation), Country Rock",40.333333333333336,18.307692307692307,20656.515499999998,8.36
"Folktronica, Avant Garde, Tropical House, Reggaetón, Nu-Jazz, LGBTQ+, Folk, Chamber Music, Experimental Rap, Latin Pop, New York Rap, Alternative R&B, Dancehall, Synth-Pop, Ukulele, Neo Soul, Christian Pop, Bounce, Duet, Rap, Cuba, Tradução Em Português, Orchestral, Charity, Jazz, Canadian Drill, Latin Music, Halloween, R&B, In English, Folk Pop, Funk, Canadian Rap, Year End List, Psychedelic Soul, Politics, Post-Metal, Afrobeats, Cover, Country Pop, Emo, Alternative Dance, New Wave (Rock), Progressive Metal, Trance, Electro-Soul, Balada, Florida Rap, Hardcore Rap, Contemporary Folk, Traducción Al Español, Chipmunk Soul, Alternative Rock, Dance-Pop, Japanese, Soul, Metal, Electro-Hop, Easy Listening, Singer-Songwriter, Art Pop, Protest Songs, Bubblegum Dance, Dark Pop, Русский (In Russian), West Coast Rap, Puerto Rico, Hip House, G-Funk, Midwest Rap, Funk-Pop, Boom Bap, Underground Rap, Pop-R&B, Jazz Rap, UK, Holiday, Chicago Rap, Cloud Rap, Gaming, J-Pop, Downtempo, Soundtrack, Alternative Pop, Canadian Pop, Alternative Metal, Christian, Disney, Soul Pop, Jazz Fusion, Avant Pop, Pop Rap, Independent, Hip-Hop, USA, Freestyle, Alternative, UK Pop, Dirty South, Conscious Hip-Hop, England, Texas Rap, Pop, Lowercase, Русский перевод (Russian Translation), Electronic, Japan, List, Canadian R&B, Non-Music, En Español, Remix, Experimental Pop, Chillout, Canada, Dream Pop, Country, Electro-Pop, Electronic Trap, Motown, Trip-Hop, Ballad, Drill, Synth Funk, República Dominicana, Latin Trap, Rap-Rock, Acoustic, Doo-Wop, Adult Contemporary, Soft Rock, Gangsta Rap, Electronica, Memphis Rap, Gospel, Bass Music, East Coast Rap, Colombia, Trap, Australia, Atlanta Rap, Lo-Fi, British Folk, Synthwave, Experimental, Alternative Rap, Intro, Neo-Psychedelia, Rock, Chicago Blues, Christmas, Deutsche Übersetzung, Comedy, Soul Rap, Electro-Industrial, EDM, Dance, ​​Traduction Française, DMV Rap, Satire, Christian Rap, Contemporary R&B, Release Calendar, Future Bass, Honky-Tonk, Industrial, Bubblegum Pop, Genius Japan, Emo Rap, Latin Urban, Psychedelic Folk, Dark Ambient, Pop-Rock, Teen Pop, Baroque Pop, Chamber Pop, Avant Folk, Country Rock",41.61904761904762,21.166666666666668,21539.9815,8.34
"Tropical House, Reggaetón, Aussie Hip-Hop, Folk, Chamber Music, Latin Pop, New York Rap, Alternative R&B, Synth-Pop, Chillhop, K-Ballad, K-Hip-Hop, Christian Pop, Neo Soul, Bounce, Duet, Rap, Awards, Adult Alternative, Cuba, Tradução Em Português, Emo Pop, Orchestral, Future Garage, Latin Music, Folk Pop, In English, R&B, Year End List, Slowcore, Mental Health, Canadian Rap, Funk, Chicago Drill, K-Idol-Hip-Hop, Worship, Politics, Ambient Pop, Blues Rock, Cover, Country Pop, Emo, Bluegrass, Trance, Scotland, Boy Band, Florida Rap, Contemporary Folk, Hardcore Rap, Traducción Al Español, K-Pop (케이팝), Alternative Rock, Dance-Pop, Diss Track, Soul, Meta, Americana, Easy Listening, Southern Rap, Singer-Songwriter, Art Pop, Protest Songs, Dark Pop, Sverige, México, Puerto Rico, Future House, Hip House, Midwest Rap, Skate Punk, Holiday, UK, Pop-R&B, Detroit Rap, Chicago Rap, Cloud Rap, Alternative Country, Downtempo, Hyperpop, Soundtrack, Alternative Pop, Superheroes, Christian, TV, Soul Pop, Pop Rap, Hip-Hop, USA, Pop-Punk, Emo Trap, Minimalism, Genius Korea, American Folk, Freestyle, Techno, Alternative, UK Pop, Dirty South, England, Blues, Christian Rock, Texas Rap, Pop, Girl Group, Electronic, List, Canadian R&B, Non-Music, En Español, Remix, Instrumental, Drum & Bass, Chillout, Memorial, Canada, Country, Electro-Pop, Electronic Trap, South Korea (대한민국), Motown, Korean (한국어), Ballad, Power Pop, Drill, Latin Trap, Acoustic, España, Adult Contemporary, Soft Rock, Horrorcore, Gangsta Rap, Electro House, Türkçe Çeviri, Memphis Rap, Gospel, Tour Information, East Coast Rap, Tribute, Colombia, Trap, Australia, Plugg, New York Drill, Atlanta Rap, Synthwave, Lo-Fi, Discography, Intro, Neo-Psychedelia, Rock, Nu Disco, Industrial Hip-Hop, Chicago Blues, Detroit Trap, Christmas, Progressive Electronic, Comedy, Soul Rap, Electro-Industrial, EDM, Dance, ​​Traduction Française, Latin R&B, Christian Rap, House, Deutschland, Release Calendar, Future Bass, Honky-Tonk, Industrial, Funky House, Ambient, Emo Rap, Latin Urban, Cypher, Pop-Rock, UK R&B, Teen Pop, Folk Rock, Chamber Pop, K-R&B, UK Rap, Country Rock",44.31578947368421,22.25,21354.10475,8.11
"Grunge, Dance Rock, Reggaetón, Folk, Latin Pop, Dancehall, New York Rap, Alternative R&B, Bedroom Pop, Experimental Rap, Synth-Pop, Corrido, Chillhop, Neo Soul, Bounce, Duet, Rap, Nederland, Awards, Adult Alternative, Tradução Em Português, Orchestral, Jazz, British Rock, Regional Mexicano, Latin Music, Folk Pop, In English, R&B, Funk, Canadian Rap, Mental Health, Chicago Drill, Psychedelic Soul, Slowcore, Politics, Eurovision, Christian R&B, Cover, Country Rap, Country Pop, Emo, Alternative Dance, English Translation, Bluegrass, Punk Revival, Boy Band, Florida Rap, Hardcore Rap, Contemporary Folk, Electronic Rock, Traducción Al Español, K-Pop (케이팝), Alternative Rock, Noise, Dance-Pop, Japanese, Soul, Meta, Diss Track, Americana, Easy Listening, Electro-Hop, Southern Rap, Singer-Songwriter, Art Pop, Dark Pop, México, Lounge, Psychedelic Pop, Puerto Rico, West Coast Rap, Midwest Rap, Boom Bap, Underground Rap, Pop-R&B, Jazz Rap, UK, Salsa, Holiday, Jamaica, Sunshine Pop, Progressive Pop, Chicago Rap, Cloud Rap, Alternative Country, J-Pop, Downtempo, Soundtrack, Alternative Pop, Canadian Pop, Christian, TV, Soul Pop, Jazz Fusion, Pop Rap, Independent, Hip-Hop, USA, Pop-Punk, Rawstyle, Philippines, Post-Minimalism, Minimalism, Genius Korea, American Folk, Freestyle, Piano Rock, Alternative, Choral Music, UK Pop, Dirty South, Conscious Hip-Hop, England, Blues, Merengue, Texas Rap, Pop, Soul Jazz, Lowercase, Русский перевод (Russian Translation), Electronic, Japan, List, Non-Music, En Español, Remix, Experimental Pop, Chillout, Canada, Memorial, Dream Pop, Post-Britpop, Electro-Pop, Country, Electronic Trap, South Korea (대한민국), Motown, Dark Trap, Noisecore, Speeches, Ballad, Spoken Word, Drill, República Dominicana, Latin Trap, Rap-Rock, Trinidad & Tobago, Progressive Rock, Acoustic, Bossa Nova, España, Adult Contemporary, Soft Rock, Horrorcore, Gangsta Rap, Electro House, Türkçe Çeviri, Memphis Rap, Gospel, Tour Information, Nederlands, East Coast Rap, Short Story, Colombia, K-Japanese, Noise Rock, Trap, Bay Area Rap, New York Drill, Atlanta Rap, Lo-Fi, Discography, Experimental, Alternative Rap, Intro, Neo-Psychedelia, Rock, Industrial Hip-Hop, P-Funk, Christmas, Indie Pop, Comedy, Soul Rap, DMV Rap, Dance, ​​Traduction Française, Christian Rap, House, Trap Dancehall, Contemporary R&B, Release Calendar, Roots, Honky-Tonk, Genius Japan, Ambient, Emo Rap, Unreleased, Latin Urban, Jamaican Patois, Pop-Rock, Baroque Pop, Teen Pop, Folk Rock, Chamber Pop, Noise Pop, Country Rock",49.0,27.583333333333332,23681.17075,
"Folktronica, Avant Garde, Reggaetón, LGBTQ+, Folk, Latin Pop, Experimental Rap, New York Rap, Alternative R&B, Bedroom Pop, Nigeria, Dancehall, Synth-Pop, K-Hip-Hop, Chillhop, Jersey Club, Neo Soul, Bounce, Duet, Rap, Awards, Adult Alternative, Vaporwave, Tradução Em Português, Chamber Folk, Orchestral, British Rock, Future Garage, Latin Music, Boogie, R&B, In English, Funk, Vocaloid, Folk Pop, Chicago Drill, Slowcore, Psychedelic Soul, Mental Health, Mambo, Ambient Pop, Amapiano, Afrobeats, Country Pop, Emo, Alternative Dance, New Wave (Rock), Punk Revival, Boy Band, Florida Rap, Hardcore Rap, Contemporary Folk, Traducción Al Español, Southern Rock, K-Pop (케이팝), Chipmunk Soul, Alternative Rock, Dance-Pop, Diss Track, Soul, Americana, Easy Listening, Southern Rap, Singer-Songwriter, Spanish Urban, Garage House, West Coast Rap, Puerto Rico, Hip House, G-Funk, Midwest Rap, Funk-Pop, UK, Pop-R&B, Holiday, Jazz Rap, Detroit Rap, Chicago Rap, Cloud Rap, Alternative Country, Spanish Rap, Gaming, Soundtrack, Alternative Pop, Canadian Pop, Christian, TV, Soul Pop, Italo Disco, Pop Rap, Independent, Hip-Hop, USA, Pop-Punk, Genius Korea, Minimalism, Freestyle, Outro, Outlaw Country, Alternative, UK Pop, Dirty South, Conscious Hip-Hop, Merengue, Texas Rap, Pop, Electronic, Argentina, Japan, Indie Rock, List, Canadian R&B, Non-Music, En Español, Remix, Drum & Bass, Chillout, Canada, Dream Pop, Electro-Pop, Country, Electronic Trap, Calypso, South Korea (대한민국), Trip-Hop, Dark Trap, Punk Rock, Korean (한국어), Spanish Pop, Ballad, Spoken Word, Drill, Synth Funk, Arena Rock, Latin Trap, Rap-Rock, Trinidad & Tobago, Acoustic, Breakbeat, España, Adult Contemporary, Soft Rock, Gangsta Rap, Electronica, Memphis Rap, Gospel, East Coast Rap, UK Drill, Trap, Australia, New York Drill, Synthwave, Atlanta Rap, Lo-Fi, British Folk, Discography, Experimental, Alternative Rap, Intro, Neo-Psychedelia, Rock, Nu Disco, Latin House, Christmas, Theme Song, Indie Pop, Soul Rap, EDM, Dance, DMV Rap, Jangle Pop, House, Contemporary R&B, Future Bass, Release Calendar, Bubblegum Bass, Interlude, Ambient, Emo Rap, Latin Urban, Funk Rock, Deep House, Pop-Rock, UK R&B, Teen Pop, Baroque Pop, Folk Rock, K-OST, ترجمه ی فارسی (Farsi Translation), Brasil, Cuarteto",40.90909090909091,19.818181818181817,26006.8925,8.09
"Dance Rock, Italia, Reggaetón, Folk, Chamber Music, Experimental Rap, Latin Pop, New York Rap, Nigeria, Alternative R&B, Dancehall, Bass Trap, Synth-Pop, Latin Rap, Corrido, Em Português, K-Hip-Hop, Jersey Club, Neo Soul, Duet, Rap, Nederland, Garage Rock, Adult Alternative, Tradução Em Português, Emo Pop, Orchestral, Chamber Folk, Canadian Drill, Regional Mexicano, Latin Music, Boogie, Indietronica, R&B, In English, Folk Pop, Mental Health, Canadian Rap, Funky House, Funk, Chicago Drill, Slowcore, Afrobeats, Blues Rock, Country Rap, Cover, Country Pop, Emo, Alternative Dance, New Wave (Rock), Bluegrass, Punk Revival, Balada, Scotland, Boy Band, Florida Rap, Trap-Rock, Hardcore Rap, Slap House, Rage, Sophisti-Pop, Traducción Al Español, Contemporary Folk, Chipmunk Soul, Gqom, Alternative Rock, K-Pop (케이팝), Dance-Pop, Diss Track, Soul, Meta, Americana, Electro-Hop, Easy Listening, Southern Rap, Singer-Songwriter, Spanish Urban, Garage House, Dark Pop, México, France, Puerto Rico, Future House, Hip House, West Coast Rap, Funk-Pop, Boom Bap, UK, Pop-R&B, Underground Rap, Jazz Rap, Progressive Pop, PluggnB, Detroit Rap, Chicago Rap, Cloud Rap, Alternative Country, Euro House, Downtempo, Midtempo, Hyperpop, Soundtrack, Alternative Pop, Bassline, Superheroes, Canadian Pop, Soul Pop, Pop Rap, Nigerian Pidgin, Independent, Hip-Hop, USA, Pop-Punk, Genius Korea, Arabic Translation - الترجمة العربية, American Folk, Outlaw Country, Alternative, UK Pop, Post-Punk, Dirty South, Conscious Hip-Hop, England, Blues, Poetry, Texas Rap, Pop, Girl Group, Soul Jazz, Русский перевод (Russian Translation), Electronic, Argentina, Indie Rock, List, Electro-Funk, Ireland, Sports, En Español, Remix, Non-Music, Chillout, Canada, Dream Pop, Electro-Pop, Country, Electronic Trap, South Korea (대한민국), Dark Trap, Punk Rock, Spanish Pop, UK Garage, Korean (한국어), Ballad, Stomp And Holler, Drill, Synth Funk, Spoken Word, Latin Trap, Rap-Rock, Trinidad & Tobago, Acoustic, Law, España, Breakbeat, Adult Contemporary, Soft Rock, Gangsta Rap, Electro House, Memphis Rap, Bass Music, East Coast Rap, Colombia, Moombahton, Trap, Plugg, Australia, Bitpop, New York Drill, Supertrap, Atlanta Rap, Synthwave, Classical Crossover, Experimental, Alternative Rap, Intro, Neo-Psychedelia, Corridos Tumbados, Rock, Afro Trap, Nu Disco, Indie Pop, Comedy, Soul Rap, Red Dirt, EDM, Dance, House, Contemporary R&B, Release Calendar, Honky-Tonk, Interlude, Industrial, Bubblegum Pop, In Italiano, Emo Rap, Latin Urban, IDM, Deep House, Pop-Rock, Baroque Pop, Teen Pop, Sped Up, Folk Rock, Chamber Pop, K-R&B, UK Rap, Country Rock, Irish Folk",39.833333333333336,17.75,27720.7095,
"Reggaetón, LGBTQ+, Folk, Latin Pop, Stomp And Holler, Experimental Rap, New York Rap, Alternative R&B, Synth-Pop, Corrido, Bounce, Rap, Chamber Folk, Regional Mexicano, Latin Music, Boogie, R&B, In English, Folk Pop, Funk, Slowcore, Psychedelic Soul, Miami Bass, Cover, Country Pop, Русский рэп (Russian Rap), New Wave (Rock), Florida Rap, Contemporary Folk, Hardcore Rap, Rage, Chipmunk Soul, Alternative Rock, Dance-Pop, Diss Track, Soul, Americana, Southern Rap, Singer-Songwriter, Art Pop, México, Русский (In Russian), West Coast Rap, Midwest Rap, Psychedelic Rock, Funk-Pop, Boom Bap, Holiday, Pop-R&B, UK, Alternative Country, Chicago Rap, Soundtrack, Alternative Pop, Canadian Pop, Superheroes, Pop Rap, Hip-Hop, USA, Posse Cut, Genius Korea, Outro, American Folk, Alternative, Dirty South, Texas Rap, Pop, Hyphy, Electronic, Indie Rock, List, Ireland, Non-Music, En Español, Chillout, Canada, Dream Pop, Country, South Korea (대한민국), Ballad, Drill, Rap-Rock, Trinidad & Tobago, Acoustic, Adult Contemporary, Soft Rock, Gangsta Rap, Gospel, Colombia, UK Drill, Trap, Atlanta Rap, Synthwave, Experimental, Alternative Rap, Intro, Neo-Psychedelia, Rock, Nu Disco, Industrial Hip-Hop, Christmas, Indie Pop, Electro-Industrial, Dance, Contemporary R&B, Industrial, Bubblegum Pop, Unreleased, Emo Rap, Россия (Russia), Latin Urban, Pop-Rock, Teen Pop, Baroque Pop, K-R&B, UK Rap, Country Rock, Brasil",39.63636363636363,16.09090909090909,28998.368,
